Id,Creation Time,Owner,Tags,Group Tags,args/seed,args/retrain_freq,args/budget,args/strategy,test/test_gold_acc (last),online/1000-gold_0 (average),online/1500-gold_0 (average),online/2000-gold_0 (average),online/2500-gold_0 (average),online/3000-gold_0 (average),online/3500-gold_0 (average),args/learning_rate,args/buffer_percent,args/buffer_policy_parameter,train/total_flops,train/total_time_elapsed,train/total_flops (last),train/total_time_elapsed (last),args/incremental,args/ewc
ON-5577,12/08/2024 10:44,shriram,"[""FEVER""]","[""random""]",0,1000,2500,EN,0.671201814,,,,0.744695733,,,5.00E-04,0.5,random,,,4.46E+15,2345.781364,yes,no
ON-5572,12/08/2024 10:44,shriram,"[""FEVER""]","[""random""]",0,1000,2000,CS,0.649281935,,,0.71298671,,,,5.00E-04,0.5,random,,,3.24E+15,1666.980428,yes,no
ON-5570,12/08/2024 10:44,shriram,"[""FEVER""]","[""random""]",1,1000,3500,MV,0.677248677,,,,,,0.763814409,5.00E-04,0.5,random,,,5.18E+15,2790.262236,yes,no
ON-5569,12/08/2024 10:44,shriram,"[""FEVER""]","[""random""]",0,1000,2000,EN,0.690854119,,,0.736535323,,,,5.00E-04,0.5,random,,,3.06E+15,1651.348901,yes,no
ON-5566,12/08/2024 10:43,shriram,"[""FEVER""]","[""random""]",1,1000,2500,CS,0.702947846,,,,0.738866869,,,5.00E-04,0.5,random,,,3.32E+15,1771.777352,yes,no
ON-5563,12/08/2024 10:43,shriram,"[""FEVER""]","[""random""]",1,1000,3000,EN,0.678004535,,,,,0.761016554,,5.00E-04,0.5,random,,,3.84E+15,2052.089078,yes,no
ON-5561,12/08/2024 10:43,shriram,"[""FEVER""]","[""random""]",2,1000,3500,MV,0.694633409,,,,,,0.763581254,5.00E-04,0.5,random,,,5.61E+15,3255.896713,yes,no
ON-5551,12/08/2024 10:42,shriram,"[""FEVER""]","[""random""]",0,1000,3500,EN,0.671201814,,,,,,0.760550245,5.00E-04,0.5,random,,,4.68E+15,2607.592952,yes,no
ON-5544,12/08/2024 10:42,shriram,"[""FEVER""]","[""random""]",1,1000,2000,EN,0.691609977,,,0.744229424,,,,5.00E-04,0.5,random,,,3.65E+15,2094.23503,yes,no
ON-5543,12/08/2024 10:41,shriram,"[""FEVER""]","[""random""]",1,1000,1000,CS,0.681027967,0.702961063,,,,,,5.00E-04,0.5,random,,,1.84E+15,1044.044212,yes,no
ON-5538,12/08/2024 10:41,shriram,"[""FEVER""]","[""random""]",2,1000,3000,CS,0.68707483,,,,,0.741431569,,5.00E-04,0.5,random,,,4.93E+15,2635.806233,yes,no
ON-5537,12/08/2024 10:41,shriram,"[""FEVER""]","[""random""]",0,1000,2500,MV,0.678004535,,,,0.752856144,,,5.00E-04,0.5,random,,,4.31E+15,2481.742056,yes,no
ON-5532,12/08/2024 10:40,shriram,"[""FEVER""]","[""random""]",2,1000,2000,EN,0.67271353,,,0.726043367,,,,5.00E-04,0.5,random,,,4.04E+15,2477.342767,yes,no
ON-5527,12/08/2024 10:40,shriram,"[""FEVER""]","[""random""]",1,1000,1000,EN,0.678760393,0.722546048,,,,,,5.00E-04,0.5,random,,,1.62E+15,910.9026809,yes,no
ON-5524,12/08/2024 10:40,shriram,"[""FEVER""]","[""random""]",1,1000,3500,EN,0.707482993,,,,,,0.771042201,5.00E-04,0.5,random,,,4.86E+15,2532.002104,yes,no
ON-5514,12/08/2024 10:39,shriram,"[""FEVER""]","[""random""]",0,1000,1500,EN,0.668178382,,0.722779203,,,,,5.00E-04,0.5,random,,,2.53E+15,1429.875035,yes,no
ON-5512,12/08/2024 10:39,shriram,"[""FEVER""]","[""random""]",0,1000,2000,MV,0.690854119,,,0.750058289,,,,5.00E-04,0.5,random,,,4.70E+15,2879.084852,yes,no
ON-5510,12/08/2024 10:39,shriram,"[""FEVER""]","[""random""]",0,1000,1500,CS,0.662131519,,0.708323619,,,,,5.00E-04,0.5,random,,,3.44E+15,1753.454826,yes,no
ON-5491,12/08/2024 10:37,shriram,"[""FEVER""]","[""random""]",1,1000,3000,MV,0.681027967,,,,,0.762881791,,5.00E-04,0.5,random,,,5.24E+15,3145.372688,yes,no
ON-5490,12/08/2024 10:37,shriram,"[""FEVER""]","[""random""]",0,1000,3000,EN,0.691609977,,,,,0.755653999,,5.00E-04,0.5,random,,,4.10E+15,2152.07221,yes,no
ON-5488,12/08/2024 10:37,shriram,"[""FEVER""]","[""random""]",0,1000,2500,CS,0.662131519,,,,0.73280485,,,5.00E-04,0.5,random,,,3.33E+15,1788.588926,yes,no
ON-5478,12/08/2024 10:36,shriram,"[""FEVER""]","[""random""]",2,1000,1000,EN,0.684051398,0.719281884,,,,,,5.00E-04,0.5,random,,,1.67E+15,879.7832062,yes,no
ON-5473,12/08/2024 10:35,shriram,"[""FEVER""]","[""random""]",0,1000,1000,EN,0.684051398,0.707391,,,,,,5.00E-04,0.5,random,,,1.97E+15,1171.654912,yes,no
ON-5472,12/08/2024 10:35,shriram,"[""FEVER""]","[""random""]",2,1000,3500,CS,0.694633409,,,,,,0.757286081,5.00E-04,0.5,random,,,5.27E+15,2902.778525,yes,no
ON-5468,12/08/2024 10:35,shriram,"[""FEVER""]","[""random""]",2,1000,2000,MV,0.709750567,,,0.751224062,,,,5.00E-04,0.5,random,,,2.85E+15,1897.077873,yes,no
ON-5464,12/08/2024 10:35,shriram,"[""FEVER""]","[""random""]",1,1000,3000,CS,0.674981104,,,,,0.751457216,,5.00E-04,0.5,random,,,4.35E+15,2356.301452,yes,no
ON-5461,12/08/2024 10:35,shriram,"[""FEVER""]","[""random""]",1,1000,1500,MV,0.695389267,,0.730939613,,,,,5.00E-04,0.5,random,,,2.37E+15,1378.338415,yes,no
ON-5459,12/08/2024 10:34,shriram,"[""FEVER""]","[""random""]",2,1000,1500,MV,0.688586546,,0.750757752,,,,,5.00E-04,0.5,random,,,2.29E+15,1287.990571,yes,no
ON-5457,12/08/2024 10:34,shriram,"[""FEVER""]","[""random""]",1,1000,1000,MV,0.668178382,0.698764281,,,,,,5.00E-04,0.5,random,,,1.63E+15,902.865087,yes,no
ON-5453,12/08/2024 10:34,shriram,"[""FEVER""]","[""random""]",2,1000,2500,EN,0.684807256,,,,0.736768478,,,5.00E-04,0.5,random,,,3.64E+15,1967.326035,yes,no
ON-5444,12/08/2024 10:33,shriram,"[""FEVER""]","[""random""]",2,1000,3000,EN,0.674225246,,,,,0.750524598,,5.00E-04,0.5,random,,,4.77E+15,2523.470136,yes,no
ON-5441,12/08/2024 10:33,shriram,"[""FEVER""]","[""random""]",0,1000,3500,MV,0.67271353,,,,,,0.767778037,5.00E-04,0.5,random,,,5.81E+15,3269.641511,yes,no
ON-5437,12/08/2024 10:33,shriram,"[""FEVER""]","[""random""]",2,1000,2500,MV,0.694633409,,,,0.757985544,,,5.00E-04,0.5,random,,,4.43E+15,2601.21663,yes,no
ON-5436,12/08/2024 10:33,shriram,"[""FEVER""]","[""random""]",0,1000,3000,MV,0.66893424,,,,,0.762881791,,5.00E-04,0.5,random,,,4.36E+15,2392.709617,yes,no
ON-5423,12/08/2024 10:31,shriram,"[""FEVER""]","[""random""]",0,1000,1500,MV,0.670445956,,0.732105386,,,,,5.00E-04,0.5,random,,,2.84E+15,1484.38571,yes,no
ON-5401,12/08/2024 10:30,shriram,"[""FEVER""]","[""random""]",0,1000,1000,MV,0.673469388,0.718349266,,,,,,5.00E-04,0.5,random,,,1.91E+15,961.3058217,yes,no
ON-5393,12/08/2024 10:29,shriram,"[""FEVER""]","[""random""]",2,1000,2000,CS,0.68707483,,,0.721846584,,,,5.00E-04,0.5,random,,,3.38E+15,1713.004482,yes,no
ON-5392,12/08/2024 10:29,shriram,"[""FEVER""]","[""random""]",0,1000,3500,CS,0.690098262,,,,,,0.755653999,5.00E-04,0.5,random,,,4.92E+15,2683.820705,yes,no
ON-5391,12/08/2024 10:29,shriram,"[""FEVER""]","[""random""]",0,1000,1000,CS,0.665154951,0.698764281,,,,,,5.00E-04,0.5,random,,,1.64E+15,881.7579267,yes,no
ON-5389,12/08/2024 10:29,shriram,"[""FEVER""]","[""random""]",2,1000,1500,EN,0.690854119,,0.725810212,,,,,5.00E-04,0.5,random,,,2.37E+15,1328.139339,yes,no
ON-5387,12/08/2024 10:28,shriram,"[""FEVER""]","[""random""]",1,1000,1500,CS,0.692365835,,0.71298671,,,,,5.00E-04,0.5,random,,,2.98E+15,1556.348028,yes,no
ON-5385,12/08/2024 10:28,shriram,"[""FEVER""]","[""random""]",2,1000,1000,MV,0.693877551,0.721846584,,,,,,5.00E-04,0.5,random,,,1.30E+15,748.5275049,yes,no
ON-5368,12/08/2024 10:27,shriram,"[""FEVER""]","[""random""]",1,1000,2000,MV,0.690854119,,,0.750058289,,,,5.00E-04,0.5,random,,,3.76E+15,2098.0189,yes,no
ON-5366,12/08/2024 10:27,shriram,"[""FEVER""]","[""random""]",1,1000,2500,EN,0.681027967,,,,0.752856144,,,5.00E-04,0.5,random,,,3.21E+15,1661.675543,yes,no
ON-5365,12/08/2024 10:26,shriram,"[""FEVER""]","[""random""]",1,1000,2500,MV,0.688586546,,,,0.758451854,,,5.00E-04,0.5,random,,,4.15E+15,2617.111417,yes,no
ON-5363,12/08/2024 10:26,shriram,"[""FEVER""]","[""random""]",1,1000,2000,CS,0.684807256,,,0.730706458,,,,5.00E-04,0.5,random,,,3.64E+15,2081.472974,yes,no
ON-5360,12/08/2024 10:26,shriram,"[""FEVER""]","[""random""]",2,1000,3000,MV,0.684807256,,,,,0.759617626,,5.00E-04,0.5,random,,,4.81E+15,2660.337948,yes,no
ON-5355,12/08/2024 10:26,shriram,"[""FEVER""]","[""random""]",1,1000,1500,EN,0.690098262,,0.729540685,,,,,5.00E-04,0.5,random,,,2.73E+15,1418.60113,yes,no
ON-5353,12/08/2024 10:25,shriram,"[""FEVER""]","[""random""]",2,1000,2500,CS,0.673469388,,,,0.734436932,,,5.00E-04,0.5,random,,,4.72E+15,2541.350753,yes,no
ON-5346,12/08/2024 10:25,shriram,"[""FEVER""]","[""random""]",2,1000,1500,CS,0.684807256,,0.714385638,,,,,5.00E-04,0.5,random,,,2.83E+15,1531.88017,yes,no
ON-5339,12/08/2024 10:24,shriram,"[""FEVER""]","[""random""]",2,1000,3500,EN,0.691609977,,,,,,0.761949172,5.00E-04,0.5,random,,,6.31E+15,3601.805718,yes,no
ON-5338,12/08/2024 10:24,shriram,"[""FEVER""]","[""random""]",2,1000,1000,CS,0.670445956,0.712520401,,,,,,5.00E-04,0.5,random,,,2.00E+15,1036.104276,yes,no
ON-5335,12/08/2024 10:24,shriram,"[""FEVER""]","[""random""]",0,1000,3000,CS,0.67271353,,,,,0.740032642,,5.00E-04,0.5,random,,,4.42E+15,2256.385386,yes,no
ON-5334,12/08/2024 10:24,shriram,"[""FEVER""]","[""random""]",1,1000,3500,CS,0.681783825,,,,,,0.760783399,5.00E-04,0.5,random,,,4.46E+15,2239.289877,yes,no
ON-5329,11/08/2024 12:45,shriram,"[""FEVER""]","[""random""]",0,1000,2500,b1,0.679516251,,,,0.733271159,,,5.00E-04,0.5,random,,,2.54E+15,1378.872154,yes,no
ON-5327,11/08/2024 12:45,shriram,"[""FEVER""]","[""random""]",1,1000,1500,b1,0.679516251,,0.717649802,,,,,5.00E-04,0.5,random,,,1.98E+15,1046.585004,yes,no
ON-5326,11/08/2024 12:44,shriram,"[""FEVER""]","[""random""]",1,1000,1000,BT,0.657596372,0.709256237,,,,,,5.00E-04,0.5,random,,,1.34E+15,741.7667053,yes,no
ON-5324,11/08/2024 12:44,shriram,"[""FEVER""]","[""random""]",2,1000,1000,b1,0.698412698,0.721147121,,,,,,5.00E-04,0.5,random,,,9.00E+14,458.7160892,yes,no
ON-5322,11/08/2024 12:44,shriram,"[""FEVER""]","[""random""]",2,1000,3000,b1,0.678760393,,,,,0.750524598,,5.00E-04,0.5,random,,,3.80E+15,1914.435035,yes,no
ON-5321,11/08/2024 12:44,shriram,"[""FEVER""]","[""random""]",1,1000,2500,BT,0.661375661,,,,0.761716018,,,5.00E-04,0.5,random,,,4.17E+15,2175.708746,yes,no
ON-5317,11/08/2024 12:43,shriram,"[""FEVER""]","[""random""]",2,1000,1500,b1,0.674225246,,0.713219865,,,,,5.00E-04,0.5,random,,,1.46E+15,760.1269298,yes,no
ON-5314,11/08/2024 12:43,shriram,"[""FEVER""]","[""random""]",1,1000,2000,BT,0.693121693,,,0.749591979,,,,5.00E-04,0.5,random,,,3.49E+15,2020.432984,yes,no
ON-5312,11/08/2024 12:43,shriram,"[""FEVER""]","[""random""]",0,1000,3500,b1,0.697656841,,,,,,0.762182327,5.00E-04,0.5,random,,,5.23E+15,2962.014166,yes,no
ON-5309,11/08/2024 12:43,shriram,"[""FEVER""]","[""random""]",0,1000,3000,BT,0.684807256,,,,,0.765446491,,5.00E-04,0.5,random,,,4.73E+15,2458.470541,yes,no
ON-5307,11/08/2024 12:42,shriram,"[""FEVER""]","[""random""]",0,1000,3500,BT,0.681027967,,,,,,0.776171602,5.00E-04,0.5,random,,,4.83E+15,2531.529215,yes,no
ON-5304,11/08/2024 12:42,shriram,"[""FEVER""]","[""random""]",1,1000,1000,b1,0.665910809,0.689204943,,,,,,5.00E-04,0.5,random,,,1.04E+15,553.153738,yes,no
ON-5303,11/08/2024 12:42,shriram,"[""FEVER""]","[""random""]",1,1000,2000,b1,0.693877551,,,0.74096526,,,,5.00E-04,0.5,random,,,1.93E+15,1011.089318,yes,no
ON-5300,11/08/2024 12:41,shriram,"[""FEVER""]","[""random""]",1,1000,3000,BT,0.698412698,,,,,0.769176964,,5.00E-04,0.5,random,,,4.05E+15,2031.650165,yes,no
ON-5297,11/08/2024 12:41,shriram,"[""FEVER""]","[""random""]",2,1000,1500,BT,0.698412698,,0.737467941,,,,,5.00E-04,0.5,random,,,3.11E+15,1620.925732,yes,no
ON-5295,11/08/2024 12:41,shriram,"[""FEVER""]","[""random""]",0,1000,2000,BT,0.66893424,,,0.74656097,,,,5.00E-04,0.5,random,,,3.81E+15,2061.924113,yes,no
ON-5293,11/08/2024 12:41,shriram,"[""FEVER""]","[""random""]",0,1000,1000,BT,0.668178382,0.699696899,,,,,,5.00E-04,0.5,random,,,1.30E+15,737.4339869,yes,no
ON-5284,11/08/2024 12:40,shriram,"[""FEVER""]","[""random""]",0,1000,2500,BT,0.680272109,,,,0.75472138,,,5.00E-04,0.5,random,,,5.45E+15,2925.977298,yes,no
ON-5283,11/08/2024 12:40,shriram,"[""FEVER""]","[""random""]",0,1000,1500,b1,0.696145125,,0.716484029,,,,,5.00E-04,0.5,random,,,1.32E+15,685.4086428,yes,no
ON-5281,11/08/2024 12:40,shriram,"[""FEVER""]","[""random""]",1,1000,1500,BT,0.684051398,,0.731405922,,,,,5.00E-04,0.5,random,,,2.53E+15,1352.736723,yes,no
ON-5274,11/08/2024 12:39,shriram,"[""FEVER""]","[""random""]",2,1000,1000,BT,0.699168556,0.713686174,,,,,,5.00E-04,0.5,random,,,2.30E+15,1215.424388,yes,no
ON-5266,11/08/2024 12:38,shriram,"[""FEVER""]","[""random""]",2,1000,2500,BT,0.711262283,,,,0.756353462,,,5.00E-04,0.5,random,,,3.24E+15,1528.785099,yes,no
ON-5263,11/08/2024 12:38,shriram,"[""FEVER""]","[""random""]",2,1000,2000,BT,0.678760393,,,0.74399627,,,,5.00E-04,0.5,random,,,4.70E+15,2382.853977,yes,no
ON-5252,11/08/2024 12:36,shriram,"[""FEVER""]","[""random""]",0,1000,3000,b1,0.691609977,,,,,0.747260434,,5.00E-04,0.5,random,,,5.00E+15,2682.240768,yes,no
ON-5240,11/08/2024 12:35,shriram,"[""FEVER""]","[""random""]",2,1000,3500,b1,0.695389267,,,,,,0.763114945,5.00E-04,0.5,random,,,4.17E+15,2258.766216,yes,no
ON-5239,11/08/2024 12:35,shriram,"[""FEVER""]","[""random""]",1,1000,3500,b1,0.679516251,,,,,,0.753322453,5.00E-04,0.5,random,,,4.11E+15,2152.719288,yes,no
ON-5237,11/08/2024 12:34,shriram,"[""FEVER""]","[""random""]",1,1000,3000,b1,0.689342404,,,,,0.749591979,,5.00E-04,0.5,random,,,3.11E+15,1590.993279,yes,no
ON-5233,11/08/2024 12:34,shriram,"[""FEVER""]","[""random""]",1,1000,3500,BT,0.68329554,,,,,,0.781067848,5.00E-04,0.5,random,,,4.64E+15,2618.176989,yes,no
ON-5232,11/08/2024 12:34,shriram,"[""FEVER""]","[""random""]",2,1000,3000,BT,0.686318972,,,,,0.750291443,,5.00E-04,0.5,random,,,4.13E+15,2074.882502,yes,no
ON-5229,11/08/2024 12:33,shriram,"[""FEVER""]","[""random""]",0,1000,1500,BT,0.669690098,,0.734670086,,,,,5.00E-04,0.5,random,,,2.49E+15,1340.377893,yes,no
ON-5227,11/08/2024 12:33,shriram,"[""FEVER""]","[""random""]",2,1000,3500,BT,0.68329554,,,,,,0.761249709,5.00E-04,0.5,random,,,6.97E+15,3570.708473,yes,no
ON-5221,11/08/2024 12:32,shriram,"[""FEVER""]","[""random""]",0,1000,2000,b1,0.678760393,,,0.733038004,,,,5.00E-04,0.5,random,,,2.77E+15,1553.627808,yes,no
ON-5220,11/08/2024 12:32,shriram,"[""FEVER""]","[""random""]",2,1000,2000,b1,0.684807256,,,0.718349266,,,,5.00E-04,0.5,random,,,1.78E+15,912.707176,yes,no
ON-5217,11/08/2024 12:32,shriram,"[""FEVER""]","[""random""]",1,1000,2500,b1,0.690098262,,,,0.74352996,,,5.00E-04,0.5,random,,,3.62E+15,2026.088949,yes,no
ON-5216,11/08/2024 12:32,shriram,"[""FEVER""]","[""random""]",2,1000,2500,b1,0.662887377,,,,0.728841222,,,5.00E-04,0.5,random,,,2.86E+15,1460.357585,yes,no
ON-5210,11/08/2024 12:31,shriram,"[""FEVER""]","[""random""]",0,1000,1000,b1,0.65835223,0.701328981,,,,,,5.00E-04,0.5,random,,,1.45E+15,761.5853589,yes,no
ON-4790,06/08/2024 11:20,shriram,"[""FEVER""]","[""Not_inc_eff""]",0,1000,2500,MV,0.681783825,,,,0.755187689,,,5.00E-04,1,default,,,1.08E+16,5853.680706,no,no
ON-4788,06/08/2024 11:20,shriram,"[""FEVER""]","[""ewc""]",2,1000,2500,CS,0.696900983,,,,0.734436932,,,5.00E-04,0,default,,,1.69E+15,1030.969236,yes,yes
ON-4787,06/08/2024 11:20,shriram,"[""FEVER""]","[""Not_inc_eff""]",0,1000,3000,CS,0.691609977,,,,,0.739566332,,5.00E-04,1,default,,,9.70E+15,5990.370515,no,no
ON-4786,06/08/2024 11:20,shriram,"[""FEVER""]","[""Not_inc_eff""]",2,1000,2000,CS,0.676492819,,,0.716717183,,,,5.00E-04,1,default,,,6.19E+15,3668.8239,no,no
ON-4785,06/08/2024 11:20,shriram,"[""FEVER""]","[""ewc""]",2,1000,1000,MV,0.690854119,0.720913966,,,,,,5.00E-04,0,default,,,8.19E+14,479.1148307,yes,yes
ON-4783,06/08/2024 11:20,shriram,"[""FEVER""]","[""BP_default_eff""]",1,1000,3000,MV,0.690854119,,,,,0.762415481,,5.00E-04,0,default,,,3.12E+15,1884.11912,yes,no
ON-4782,06/08/2024 11:20,shriram,"[""FEVER""]","[""Not_inc_eff""]",1,1000,3500,CS,0.699168556,,,,,,0.760783399,5.00E-04,1,default,,,1.13E+16,6202.5355,no,no
ON-4777,06/08/2024 11:19,shriram,"[""FEVER""]","[""BP_default_eff""]",1,1000,3000,MV,0.686318972,,,,,0.763114945,,5.00E-04,1,default,,,7.09E+15,3659.445955,yes,no
ON-4776,06/08/2024 11:19,shriram,"[""FEVER""]","[""BP_default_eff""]",2,1000,3000,MV,0.684807256,,,,,0.758918163,,5.00E-04,0,default,,,1.72E+15,985.3251214,yes,no
ON-4775,06/08/2024 11:19,shriram,"[""FEVER""]","[""BP_default_eff""]",0,1000,1000,MV,0.665154951,0.711354628,,,,,,5.00E-04,1,default,,,2.03E+15,1147.302604,yes,no
ON-4773,06/08/2024 11:19,shriram,"[""FEVER""]","[""Not_inc_eff""]",2,1000,2000,MV,0.684807256,,,0.757519235,,,,5.00E-04,1,default,,,7.16E+15,4039.16609,no,no
ON-4772,06/08/2024 11:19,shriram,"[""FEVER""]","[""ewc""]",1,1000,2500,CS,0.706727135,,,,0.738866869,,,5.00E-04,0,default,,,1.66E+15,966.3305855,yes,yes
ON-4770,06/08/2024 11:18,shriram,"[""FEVER""]","[""Not_inc_eff""]",2,1000,2500,MV,0.705971277,,,,0.759850781,,,5.00E-04,1,default,,,9.27E+15,6045.459343,no,no
ON-4769,06/08/2024 11:18,shriram,"[""FEVER""]","[""ewc""]",0,1000,2500,MV,0.684807256,,,,0.755887153,,,5.00E-04,0,default,,,1.99E+15,1172.601083,yes,yes
ON-4768,06/08/2024 11:18,shriram,"[""FEVER""]","[""Not_inc_eff""]",1,1000,1500,MV,0.670445956,,0.724411285,,,,,5.00E-04,1,default,,,4.48E+15,3082.790217,no,no
ON-4767,06/08/2024 11:18,shriram,"[""FEVER""]","[""BP_default_eff""]",2,1000,3500,MV,0.689342404,,,,,,0.763581254,5.00E-04,1,default,,,7.14E+15,3699.750202,yes,no
ON-4765,06/08/2024 11:18,shriram,"[""FEVER""]","[""BP_default_eff""]",1,1000,1500,CS,0.691609977,,0.714618792,,,,,5.00E-04,0,default,,,1.89E+15,942.6903625,yes,no
ON-4764,06/08/2024 11:18,shriram,"[""FEVER""]","[""Not_inc_eff""]",0,1000,2000,CS,0.653061224,,,0.716717183,,,,5.00E-04,1,default,,,7.21E+15,3781.142184,no,no
ON-4761,06/08/2024 11:17,shriram,"[""FEVER""]","[""ewc""]",0,1000,2000,CS,0.678004535,,,0.714385638,,,,5.00E-04,0,default,,,1.51E+15,878.2129354,yes,yes
ON-4759,06/08/2024 11:17,shriram,"[""FEVER""]","[""Not_inc_eff""]",0,1000,1500,CS,0.680272109,,0.705525764,,,,,5.00E-04,1,default,,,5.90E+15,3635.155627,no,no
ON-4758,06/08/2024 11:17,shriram,"[""FEVER""]","[""BP_default_eff""]",1,1000,2000,MV,0.677248677,,,0.747027279,,,,5.00E-04,0,default,,,1.85E+15,1052.630701,yes,no
ON-4757,06/08/2024 11:17,shriram,"[""FEVER""]","[""BP_default_eff""]",0,1000,1500,CS,0.632653061,,0.70179529,,,,,5.00E-04,0,default,,,1.28E+15,754.192018,yes,no
ON-4756,06/08/2024 11:17,shriram,"[""FEVER""]","[""BP_default_eff""]",1,1000,3000,CS,0.671201814,,,,,0.751457216,,5.00E-04,0,default,,,2.79E+15,1816.440706,yes,no
ON-4755,06/08/2024 11:17,shriram,"[""FEVER""]","[""Not_inc_eff""]",1,1000,2000,CS,0.655328798,,,0.71601772,,,,5.00E-04,1,default,,,6.86E+15,3684.936897,no,no
ON-4754,06/08/2024 11:17,shriram,"[""FEVER""]","[""Not_inc_eff""]",1,1000,3000,MV,0.673469388,,,,,0.7659128,,5.00E-04,1,default,,,1.14E+16,6206.269925,no,no
ON-4753,06/08/2024 11:17,shriram,"[""FEVER""]","[""ewc""]",0,1000,1500,MV,0.674981104,,0.720913966,,,,,5.00E-04,0,default,,,2.04E+15,1181.331622,yes,yes
ON-4752,06/08/2024 11:17,shriram,"[""FEVER""]","[""ewc""]",2,1000,3000,CS,0.666666667,,,,,0.741431569,,5.00E-04,0,default,,,2.05E+15,1164.770382,yes,yes
ON-4751,06/08/2024 11:17,shriram,"[""FEVER""]","[""BP_default_eff""]",2,1000,1500,CS,0.66893424,,0.707857309,,,,,5.00E-04,0,default,,,1.06E+15,581.5684919,yes,no
ON-4750,06/08/2024 11:17,shriram,"[""FEVER""]","[""BP_default_eff""]",1,1000,2000,CS,0.699168556,,,0.727908603,,,,5.00E-04,1,default,,,3.43E+15,1852.800979,yes,no
ON-4749,06/08/2024 11:17,shriram,"[""FEVER""]","[""ewc""]",2,1000,1000,CS,0.668178382,0.708323619,,,,,,5.00E-04,0,default,,,1.10E+15,654.0425057,yes,yes
ON-4747,06/08/2024 11:16,shriram,"[""FEVER""]","[""BP_default_eff""]",1,1000,3500,CS,0.697656841,,,,,,0.760783399,5.00E-04,0,default,,,2.67E+15,1529.018642,yes,no
ON-4745,06/08/2024 11:16,shriram,"[""FEVER""]","[""Not_inc_eff""]",2,1000,2500,CS,0.692365835,,,,0.735602705,,,5.00E-04,1,default,,,7.79E+15,4253.968145,no,no
ON-4743,06/08/2024 11:16,shriram,"[""FEVER""]","[""ewc""]",1,1000,1500,CS,0.647770219,,0.714618792,,,,,5.00E-04,0,default,,,1.58E+15,957.5462918,yes,yes
ON-4741,06/08/2024 11:16,shriram,"[""FEVER""]","[""BP_default_eff""]",0,1000,3500,MV,0.665910809,,,,,,0.767778037,5.00E-04,1,default,,,7.53E+15,4175.350888,yes,no
ON-4740,06/08/2024 11:16,shriram,"[""FEVER""]","[""ewc""]",2,1000,2000,MV,0.695389267,,,0.754255071,,,,5.00E-04,0,default,,,1.65E+15,1036.571096,yes,yes
ON-4739,06/08/2024 11:15,shriram,"[""FEVER""]","[""Not_inc_eff""]",2,1000,1500,CS,0.681783825,,0.703194218,,,,,5.00E-04,1,default,,,4.86E+15,3047.170616,no,no
ON-4736,06/08/2024 11:15,shriram,"[""FEVER""]","[""BP_default_eff""]",2,1000,3500,CS,0.691609977,,,,,,0.757286081,5.00E-04,1,default,,,6.33E+15,3839.377716,yes,no
ON-4735,06/08/2024 11:15,shriram,"[""FEVER""]","[""BP_default_eff""]",1,1000,1000,CS,0.644746788,0.67125204,,,,,,5.00E-04,0,default,,,7.73E+14,440.1601579,yes,no
ON-4733,06/08/2024 11:15,shriram,"[""FEVER""]","[""BP_default_eff""]",0,1000,2000,MV,0.696145125,,,0.750990907,,,,5.00E-04,0,default,,,2.10E+15,1332.151554,yes,no
ON-4732,06/08/2024 11:15,shriram,"[""FEVER""]","[""BP_default_eff""]",2,1000,3500,MV,0.692365835,,,,,,0.763581254,5.00E-04,0,default,,,2.39E+15,1271.860354,yes,no
ON-4731,06/08/2024 11:15,shriram,"[""FEVER""]","[""BP_default_eff""]",1,1000,1500,MV,0.671957672,,0.716950338,,,,,5.00E-04,1,default,,,3.08E+15,1729.811493,yes,no
ON-4730,06/08/2024 11:15,shriram,"[""FEVER""]","[""ewc""]",0,1000,3000,CS,0.689342404,,,,,0.740032642,,5.00E-04,0,default,,,1.87E+15,1076.294222,yes,yes
ON-4729,06/08/2024 11:14,shriram,"[""FEVER""]","[""BP_default_eff""]",1,1000,3500,MV,0.684807256,,,,,,0.763814409,5.00E-04,1,default,,,6.74E+15,3515.959929,yes,no
ON-4728,06/08/2024 11:14,shriram,"[""FEVER""]","[""BP_default_eff""]",2,1000,1500,MV,0.71579743,,0.751457216,,,,,5.00E-04,0,default,,,1.21E+15,709.8348567,yes,no
ON-4727,06/08/2024 11:14,shriram,"[""FEVER""]","[""ewc""]",1,1000,2000,MV,0.681783825,,,0.746794125,,,,5.00E-04,0,default,,,1.75E+15,1013.4219,yes,yes
ON-4725,06/08/2024 11:14,shriram,"[""FEVER""]","[""BP_default_eff""]",1,1000,1500,CS,0.675736961,,0.719048729,,,,,5.00E-04,1,default,,,3.57E+15,1892.780729,yes,no
ON-4723,06/08/2024 11:14,shriram,"[""FEVER""]","[""ewc""]",2,1000,3500,MV,0.708994709,,,,,,0.763581254,5.00E-04,0,default,,,2.19E+15,1250.789371,yes,yes
ON-4722,06/08/2024 11:14,shriram,"[""FEVER""]","[""Not_inc_eff""]",2,1000,1500,MV,0.647770219,,0.733271159,,,,,5.00E-04,1,default,,,5.19E+15,2700.723363,no,no
ON-4720,06/08/2024 11:14,shriram,"[""FEVER""]","[""BP_default_eff""]",0,1000,1500,MV,0.662887377,,0.726509676,,,,,5.00E-04,1,default,,,4.60E+15,2433.009885,yes,no
ON-4719,06/08/2024 11:13,shriram,"[""FEVER""]","[""BP_default_eff""]",1,1000,2500,CS,0.694633409,,,,0.738866869,,,5.00E-04,1,default,,,4.04E+15,2167.280967,yes,no
ON-4718,06/08/2024 11:13,shriram,"[""FEVER""]","[""Not_inc_eff""]",2,1000,1000,CS,0.694633409,0.688272325,,,,,,5.00E-04,1,default,,,4.32E+15,2342.357105,no,no
ON-4717,06/08/2024 11:13,shriram,"[""FEVER""]","[""BP_default_eff""]",2,1000,1500,MV,0.699924414,,0.746794125,,,,,5.00E-04,1,default,,,3.99E+15,2676.29552,yes,no
ON-4716,06/08/2024 11:13,shriram,"[""FEVER""]","[""Not_inc_eff""]",2,1000,3500,CS,0.702191988,,,,,,0.757286081,5.00E-04,1,default,,,1.27E+16,6452.760563,no,no
ON-4713,06/08/2024 11:13,shriram,"[""FEVER""]","[""BP_default_eff""]",1,1000,1000,CS,0.674981104,0.704593145,,,,,,5.00E-04,1,default,,,2.28E+15,1270.805277,yes,no
ON-4712,06/08/2024 11:13,shriram,"[""FEVER""]","[""BP_default_eff""]",2,1000,2500,CS,0.673469388,,,,0.734436932,,,5.00E-04,0,default,,,1.89E+15,1032.374798,yes,no
ON-4711,06/08/2024 11:13,shriram,"[""FEVER""]","[""ewc""]",0,1000,2500,CS,0.674981104,,,,0.73280485,,,5.00E-04,0,default,,,1.75E+15,1127.885739,yes,yes
ON-4710,06/08/2024 11:13,shriram,"[""FEVER""]","[""BP_default_eff""]",0,1000,1000,CS,0.656840514,0.695733271,,,,,,5.00E-04,1,default,,,2.49E+15,1404.061815,yes,no
ON-4707,06/08/2024 11:12,shriram,"[""FEVER""]","[""ewc""]",1,1000,1000,CS,0.64399093,0.67125204,,,,,,5.00E-04,0,default,,,7.73E+14,466.1447415,yes,yes
ON-4706,06/08/2024 11:12,shriram,"[""FEVER""]","[""BP_default_eff""]",0,1000,1000,CS,0.660619803,0.684308697,,,,,,5.00E-04,0,default,,,1.03E+15,673.1352036,yes,no
ON-4699,06/08/2024 11:11,shriram,"[""FEVER""]","[""Not_inc_eff""]",0,1000,1000,CS,0.673469388,0.688971788,,,,,,5.00E-04,1,default,,,4.15E+15,2161.620407,no,no
ON-4698,06/08/2024 11:11,shriram,"[""FEVER""]","[""Not_inc_eff""]",1,1000,2500,MV,0.689342404,,,,0.762182327,,,5.00E-04,1,default,,,1.23E+16,6541.199094,no,no
ON-4697,06/08/2024 11:11,shriram,"[""FEVER""]","[""BP_default_eff""]",0,1000,3500,CS,0.693121693,,,,,,0.755653999,5.00E-04,0,default,,,2.95E+15,1820.638063,yes,no
ON-4694,06/08/2024 11:11,shriram,"[""FEVER""]","[""BP_default_eff""]",1,1000,3500,MV,0.65835223,,,,,,0.763581254,5.00E-04,0,default,,,3.16E+15,1687.818689,yes,no
ON-4693,06/08/2024 11:10,shriram,"[""FEVER""]","[""BP_default_eff""]",2,1000,2500,MV,0.690098262,,,,0.759151317,,,5.00E-04,0,default,,,1.98E+15,1079.996136,yes,no
ON-4690,06/08/2024 11:10,shriram,"[""FEVER""]","[""Not_inc_eff""]",1,1000,1000,CS,0.674981104,0.687106552,,,,,,5.00E-04,1,default,,,5.27E+15,2828.297725,no,no
ON-4683,06/08/2024 11:09,shriram,"[""FEVER""]","[""ewc""]",0,1000,3000,MV,0.687830688,,,,,0.762648636,,5.00E-04,0,default,,,2.36E+15,1417.605431,yes,yes
ON-4682,06/08/2024 11:09,shriram,"[""FEVER""]","[""ewc""]",0,1000,1500,CS,0.600907029,,0.70179529,,,,,5.00E-04,0,default,,,1.26E+15,760.421195,yes,yes
ON-4681,06/08/2024 11:09,shriram,"[""FEVER""]","[""BP_default_eff""]",2,1000,1000,MV,0.682539683,0.716950338,,,,,,5.00E-04,1,default,,,1.69E+15,815.5792596,yes,no
ON-4680,06/08/2024 11:09,shriram,"[""FEVER""]","[""ewc""]",2,1000,2000,CS,0.653817082,,,0.719515038,,,,5.00E-04,0,default,,,1.67E+15,1245.84479,yes,yes
ON-4679,06/08/2024 11:09,shriram,"[""FEVER""]","[""ewc""]",2,1000,2500,MV,0.684807256,,,,0.759151317,,,5.00E-04,0,default,,,1.67E+15,1042.848127,yes,yes
ON-4678,06/08/2024 11:09,shriram,"[""FEVER""]","[""BP_default_eff""]",1,1000,2500,MV,0.676492819,,,,0.758685008,,,5.00E-04,1,default,,,6.33E+15,3432.60658,yes,no
ON-4677,06/08/2024 11:09,shriram,"[""FEVER""]","[""BP_default_eff""]",1,1000,2000,MV,0.665910809,,,0.743296806,,,,5.00E-04,1,default,,,4.55E+15,2485.44391,yes,no
ON-4674,06/08/2024 11:08,shriram,"[""FEVER""]","[""ewc""]",0,1000,3500,MV,0.681783825,,,,,,0.767778037,5.00E-04,0,default,,,2.77E+15,1557.325708,yes,yes
ON-4672,06/08/2024 11:08,shriram,"[""FEVER""]","[""Not_inc_eff""]",0,1000,1000,MV,0.668178382,0.710188855,,,,,,5.00E-04,1,default,,,2.55E+15,1567.604982,no,no
ON-4669,06/08/2024 11:08,shriram,"[""FEVER""]","[""ewc""]",0,1000,3500,CS,0.696900983,,,,,,0.755653999,5.00E-04,0,default,,,2.70E+15,1601.852535,yes,yes
ON-4668,06/08/2024 11:08,shriram,"[""FEVER""]","[""BP_default_eff""]",2,1000,3500,CS,0.679516251,,,,,,0.757286081,5.00E-04,0,default,,,2.75E+15,1398.338048,yes,no
ON-4666,06/08/2024 11:07,shriram,"[""FEVER""]","[""ewc""]",1,1000,2500,MV,0.661375661,,,,0.760550245,,,5.00E-04,0,default,,,2.09E+15,1289.670759,yes,yes
ON-4659,06/08/2024 11:06,shriram,"[""FEVER""]","[""BP_default_eff""]",0,1000,1500,MV,0.66893424,,0.720913966,,,,,5.00E-04,0,default,,,2.08E+15,1130.535022,yes,no
ON-4658,06/08/2024 11:06,shriram,"[""FEVER""]","[""BP_default_eff""]",2,1000,2500,MV,0.674225246,,,,0.75775239,,,5.00E-04,1,default,,,4.70E+15,2541.218161,yes,no
ON-4657,06/08/2024 11:06,shriram,"[""FEVER""]","[""Not_inc_eff""]",1,1000,3000,CS,0.690098262,,,,,0.748659361,,5.00E-04,1,default,,,9.74E+15,5122.29752,no,no
ON-4656,06/08/2024 11:06,shriram,"[""FEVER""]","[""Not_inc_eff""]",1,1000,1000,MV,0.653061224,0.69363488,,,,,,5.00E-04,1,default,,,2.36E+15,1301.378054,no,no
ON-4655,06/08/2024 11:06,shriram,"[""FEVER""]","[""Not_inc_eff""]",1,1000,2000,MV,0.684051398,,,0.750990907,,,,5.00E-04,1,default,,,8.61E+15,5497.690493,no,no
ON-4654,06/08/2024 11:06,shriram,"[""FEVER""]","[""Not_inc_eff""]",2,1000,3000,MV,0.679516251,,,,,0.759850781,,5.00E-04,1,default,,,9.88E+15,5391.387461,no,no
ON-4652,06/08/2024 11:06,shriram,"[""FEVER""]","[""BP_default_eff""]",2,1000,2000,MV,0.674225246,,,0.750757752,,,,5.00E-04,1,default,,,4.14E+15,2259.150161,yes,no
ON-4646,06/08/2024 11:05,shriram,"[""FEVER""]","[""ewc""]",1,1000,3000,MV,0.691609977,,,,,0.762182327,,5.00E-04,0,default,,,2.91E+15,1808.390373,yes,yes
ON-4643,06/08/2024 11:05,shriram,"[""FEVER""]","[""BP_default_eff""]",0,1000,2000,CS,0.678004535,,,0.714385638,,,,5.00E-04,0,default,,,1.46E+15,816.698437,yes,no
ON-4640,06/08/2024 11:04,shriram,"[""FEVER""]","[""BP_default_eff""]",0,1000,2500,MV,0.668178382,,,,0.756353462,,,5.00E-04,0,default,,,2.14E+15,1665.973319,yes,no
ON-4638,06/08/2024 11:04,shriram,"[""FEVER""]","[""BP_default_eff""]",0,1000,3000,MV,0.684051398,,,,,0.7633481,,5.00E-04,1,default,,,6.54E+15,4200.036195,yes,no
ON-4635,06/08/2024 11:04,shriram,"[""FEVER""]","[""BP_default_eff""]",2,1000,2500,CS,0.700680272,,,,0.734436932,,,5.00E-04,1,default,,,5.36E+15,2885.329182,yes,no
ON-4634,06/08/2024 11:03,shriram,"[""FEVER""]","[""BP_default_eff""]",1,1000,3000,CS,0.681783825,,,,,0.751457216,,5.00E-04,1,default,,,5.52E+15,2960.901743,yes,no
ON-4632,06/08/2024 11:03,shriram,"[""FEVER""]","[""Not_inc_eff""]",1,1000,2500,CS,0.70521542,,,,0.73233854,,,5.00E-04,1,default,,,8.79E+15,4842.711846,no,no
ON-4631,06/08/2024 11:03,shriram,"[""FEVER""]","[""ewc""]",2,1000,1500,CS,0.659108088,,0.707857309,,,,,5.00E-04,0,default,,,9.87E+14,590.8280988,yes,yes
ON-4626,06/08/2024 11:03,shriram,"[""FEVER""]","[""BP_default_eff""]",2,1000,1000,MV,0.691609977,0.72720914,,,,,,5.00E-04,0,default,,,8.01E+14,520.1912842,yes,no
ON-4625,06/08/2024 11:03,shriram,"[""FEVER""]","[""ewc""]",2,1000,1500,MV,0.702191988,,0.749591979,,,,,5.00E-04,0,default,,,1.28E+15,835.1954546,yes,yes
ON-4624,06/08/2024 11:02,shriram,"[""FEVER""]","[""BP_default_eff""]",1,1000,1000,MV,0.669690098,0.69619958,,,,,,5.00E-04,0,default,,,1.26E+15,779.3827848,yes,no
ON-4622,06/08/2024 11:02,shriram,"[""FEVER""]","[""BP_default_eff""]",2,1000,2000,CS,0.65835223,,,0.719515038,,,,5.00E-04,0,default,,,1.31E+15,756.0949874,yes,no
ON-4618,06/08/2024 11:02,shriram,"[""FEVER""]","[""BP_default_eff""]",0,1000,2500,CS,0.697656841,,,,0.73280485,,,5.00E-04,0,default,,,1.83E+15,1047.095911,yes,no
ON-4616,06/08/2024 11:02,shriram,"[""FEVER""]","[""BP_default_eff""]",0,1000,2500,MV,0.667422525,,,,0.757052926,,,5.00E-04,1,default,,,6.49E+15,3698.810928,yes,no
ON-4615,06/08/2024 11:02,shriram,"[""FEVER""]","[""ewc""]",2,1000,3000,MV,0.682539683,,,,,0.758918163,,5.00E-04,0,default,,,1.83E+15,1164.700263,yes,yes
ON-4612,06/08/2024 11:01,shriram,"[""FEVER""]","[""BP_default_eff""]",1,1000,3500,CS,0.686318972,,,,,,0.760783399,5.00E-04,1,default,,,5.76E+15,2991.400438,yes,no
ON-4607,06/08/2024 11:01,shriram,"[""FEVER""]","[""Not_inc_eff""]",2,1000,3500,MV,0.690098262,,,,,,0.764280718,5.00E-04,1,default,,,1.36E+16,7220.525184,no,no
ON-4605,06/08/2024 11:01,shriram,"[""FEVER""]","[""BP_default_eff""]",2,1000,3000,MV,0.686318972,,,,,0.759617626,,5.00E-04,1,default,,,5.58E+15,3030.459774,yes,no
ON-4602,06/08/2024 11:00,shriram,"[""FEVER""]","[""BP_default_eff""]",0,1000,3500,MV,0.662887377,,,,,,0.767778037,5.00E-04,0,default,,,2.62E+15,1493.842418,yes,no
ON-4601,06/08/2024 11:00,shriram,"[""FEVER""]","[""ewc""]",1,1000,3000,CS,0.681027967,,,,,0.751457216,,5.00E-04,0,default,,,3.21E+15,2334.494011,yes,yes
ON-4600,06/08/2024 11:00,shriram,"[""FEVER""]","[""Not_inc_eff""]",0,1000,3500,CS,0.694633409,,,,,,0.755653999,5.00E-04,1,default,,,1.13E+16,6485.118803,no,no
ON-4598,06/08/2024 11:00,shriram,"[""FEVER""]","[""ewc""]",0,1000,1000,MV,0.678760393,0.71858242,,,,,,5.00E-04,0,default,,,1.57E+15,835.7011583,yes,yes
ON-4597,06/08/2024 11:00,shriram,"[""FEVER""]","[""BP_default_eff""]",1,1000,2000,CS,0.677248677,,,0.723245512,,,,5.00E-04,0,default,,,1.30E+15,724.3585408,yes,no
ON-4596,06/08/2024 11:00,shriram,"[""FEVER""]","[""Not_inc_eff""]",0,1000,1500,MV,0.684051398,,0.723478666,,,,,5.00E-04,1,default,,,4.90E+15,2815.055856,no,no
ON-4594,06/08/2024 11:00,shriram,"[""FEVER""]","[""Not_inc_eff""]",1,1000,1500,CS,0.674981104,,0.700163208,,,,,5.00E-04,1,default,,,5.40E+15,3009.072883,no,no
ON-4592,06/08/2024 10:59,shriram,"[""FEVER""]","[""ewc""]",0,1000,2000,MV,0.689342404,,,0.750757752,,,,5.00E-04,0,default,,,2.07E+15,1153.892422,yes,yes
ON-4591,06/08/2024 10:59,shriram,"[""FEVER""]","[""Not_inc_eff""]",2,1000,3000,CS,0.702947846,,,,,0.74352996,,5.00E-04,1,default,,,1.10E+16,6092.136842,no,no
ON-4585,06/08/2024 10:59,shriram,"[""FEVER""]","[""BP_default_eff""]",2,1000,1000,CS,0.664399093,0.708323619,,,,,,5.00E-04,0,default,,,1.28E+15,735.6620564,yes,no
ON-4583,06/08/2024 10:58,shriram,"[""FEVER""]","[""ewc""]",1,1000,1000,MV,0.659863946,0.694567498,,,,,,5.00E-04,0,default,,,1.26E+15,680.7788091,yes,yes
ON-4579,06/08/2024 10:58,shriram,"[""FEVER""]","[""ewc""]",1,1000,3500,CS,0.692365835,,,,,,0.760783399,5.00E-04,0,default,,,2.10E+15,1411.225242,yes,yes
ON-4575,06/08/2024 10:57,shriram,"[""FEVER""]","[""Not_inc_eff""]",0,1000,3500,MV,0.677248677,,,,,,0.766145955,5.00E-04,1,default,,,1.13E+16,6109.127115,no,no
ON-4572,06/08/2024 10:57,shriram,"[""FEVER""]","[""BP_default_eff""]",0,1000,1000,MV,0.677248677,0.71858242,,,,,,5.00E-04,0,default,,,1.57E+15,888.9418156,yes,no
ON-4568,06/08/2024 10:57,shriram,"[""FEVER""]","[""Not_inc_eff""]",1,1000,3500,MV,0.70143613,,,,,,0.764747027,5.00E-04,1,default,,,1.21E+16,6324.004818,no,no
ON-4567,06/08/2024 10:57,shriram,"[""FEVER""]","[""BP_default_eff""]",2,1000,3000,CS,0.686318972,,,,,0.741431569,,5.00E-04,1,default,,,6.12E+15,3331.545944,yes,no
ON-4565,06/08/2024 10:57,shriram,"[""FEVER""]","[""BP_default_eff""]",1,1000,2500,CS,0.706727135,,,,0.738866869,,,5.00E-04,0,default,,,2.04E+15,1148.521649,yes,no
ON-4564,06/08/2024 10:56,shriram,"[""FEVER""]","[""Not_inc_eff""]",0,1000,3000,MV,0.667422525,,,,,0.762648636,,5.00E-04,1,default,,,1.14E+16,6134.642718,no,no
ON-4563,06/08/2024 10:56,shriram,"[""FEVER""]","[""BP_default_eff""]",2,1000,2000,CS,0.678760393,,,0.722546048,,,,5.00E-04,1,default,,,3.99E+15,2206.768578,yes,no
ON-4562,06/08/2024 10:56,shriram,"[""FEVER""]","[""BP_default_eff""]",2,1000,2000,MV,0.693877551,,,0.753089298,,,,5.00E-04,0,default,,,1.93E+15,1119.392561,yes,no
ON-4561,06/08/2024 10:56,shriram,"[""FEVER""]","[""BP_default_eff""]",2,1000,1500,CS,0.67271353,,0.713219865,,,,,5.00E-04,1,default,,,2.84E+15,1590.120049,yes,no
ON-4557,06/08/2024 10:56,shriram,"[""FEVER""]","[""BP_default_eff""]",0,1000,1500,CS,0.669690098,,0.711121474,,,,,5.00E-04,1,default,,,2.95E+15,1604.497938,yes,no
ON-4553,06/08/2024 10:55,shriram,"[""FEVER""]","[""Not_inc_eff""]",0,1000,2500,CS,0.678760393,,,,0.72720914,,,5.00E-04,1,default,,,8.70E+15,4447.743955,no,no
ON-4551,06/08/2024 10:55,shriram,"[""FEVER""]","[""ewc""]",0,1000,1000,CS,0.634920635,0.684541851,,,,,,5.00E-04,0,default,,,9.60E+14,574.4475579,yes,yes
ON-4549,06/08/2024 10:55,shriram,"[""FEVER""]","[""BP_default_eff""]",2,1000,1000,CS,0.68329554,0.706691536,,,,,,5.00E-04,1,default,,,3.50E+15,1833.518653,yes,no
ON-4548,06/08/2024 10:55,shriram,"[""FEVER""]","[""BP_default_eff""]",0,1000,2000,CS,0.681783825,,,0.716717183,,,,5.00E-04,1,default,,,3.57E+15,2133.791808,yes,no
ON-4546,06/08/2024 10:55,shriram,"[""FEVER""]","[""BP_default_eff""]",0,1000,2500,CS,0.647770219,,,,0.73280485,,,5.00E-04,1,default,,,4.08E+15,2289.487655,yes,no
ON-4545,06/08/2024 10:55,shriram,"[""FEVER""]","[""BP_default_eff""]",0,1000,3000,MV,0.698412698,,,,,0.762648636,,5.00E-04,0,default,,,2.19E+15,1277.31673,yes,no
ON-4544,06/08/2024 10:55,shriram,"[""FEVER""]","[""BP_default_eff""]",1,1000,1000,MV,0.674981104,0.703427372,,,,,,5.00E-04,1,default,,,2.05E+15,1263.203816,yes,no
ON-4543,06/08/2024 10:54,shriram,"[""FEVER""]","[""BP_default_eff""]",1,1000,1500,MV,0.685563114,,0.72674283,,,,,5.00E-04,0,default,,,1.58E+15,835.6081672,yes,no
ON-4541,06/08/2024 10:54,shriram,"[""FEVER""]","[""Not_inc_eff""]",0,1000,2000,MV,0.664399093,,,0.74399627,,,,5.00E-04,1,default,,,7.91E+15,4236.092937,no,no
ON-4540,06/08/2024 10:54,shriram,"[""FEVER""]","[""BP_default_eff""]",1,1000,2500,MV,0.693121693,,,,0.758918163,,,5.00E-04,0,default,,,2.01E+15,1074.469177,yes,no
ON-4539,06/08/2024 10:54,shriram,"[""FEVER""]","[""BP_default_eff""]",0,1000,3500,CS,0.693877551,,,,,,0.755653999,5.00E-04,1,default,,,6.33E+15,3842.191004,yes,no
ON-4538,06/08/2024 10:54,shriram,"[""FEVER""]","[""Not_inc_eff""]",2,1000,1000,MV,0.685563114,0.728841222,,,,,,5.00E-04,1,default,,,3.98E+15,2129.244534,no,no
ON-4534,06/08/2024 10:54,shriram,"[""FEVER""]","[""BP_default_eff""]",2,1000,3000,CS,0.706727135,,,,,0.741431569,,5.00E-04,0,default,,,1.98E+15,1055.238384,yes,no
ON-4533,06/08/2024 10:54,shriram,"[""FEVER""]","[""BP_default_eff""]",0,1000,3000,CS,0.645502646,,,,,0.740032642,,5.00E-04,0,default,,,1.85E+15,1067.455886,yes,no
ON-4529,06/08/2024 10:53,shriram,"[""FEVER""]","[""ewc""]",1,1000,3500,MV,0.680272109,,,,,,0.763581254,5.00E-04,0,default,,,2.97E+15,1848.870911,yes,yes
ON-4528,06/08/2024 10:53,shriram,"[""FEVER""]","[""ewc""]",1,1000,1500,MV,0.645502646,,0.708323619,,,,,5.00E-04,0,default,,,1.77E+15,1124.594906,yes,yes
ON-4526,06/08/2024 10:53,shriram,"[""FEVER""]","[""BP_default_eff""]",0,1000,2000,MV,0.684051398,,,0.747726743,,,,5.00E-04,1,default,,,5.88E+15,3222.033939,yes,no
ON-4524,06/08/2024 10:53,shriram,"[""FEVER""]","[""ewc""]",1,1000,2000,CS,0.686318972,,,0.723245512,,,,5.00E-04,0,default,,,1.32E+15,946.5904534,yes,yes
ON-4523,06/08/2024 10:53,shriram,"[""FEVER""]","[""BP_default_eff""]",0,1000,3000,CS,0.68329554,,,,,0.740032642,,5.00E-04,1,default,,,5.01E+15,2687.701102,yes,no
ON-4521,06/08/2024 10:52,shriram,"[""FEVER""]","[""ewc""]",2,1000,3500,CS,0.665910809,,,,,,0.757286081,5.00E-04,0,default,,,2.11E+15,1484.199023,yes,yes
ON-4151,02/08/2024 12:51,shriram,"[""FEVER""]","[""BP_default_eff""]",2,1000,2000,EN,0.693877551,,,0.728141758,,,,5.00E-04,0,default,,,1.53E+15,848.9579873,yes,no
ON-4150,02/08/2024 12:51,shriram,"[""FEVER""]","[""BP_default_eff""]",2,1000,2000,EN,0.68707483,,,0.725343903,,,,5.00E-04,1,default,,,3.91E+15,2173.822103,yes,no
ON-4148,02/08/2024 12:51,shriram,"[""FEVER""]","[""Not_inc_eff""]",2,1000,2500,EN,0.690098262,,,,0.725110748,,,5.00E-04,1,default,,,7.17E+15,3778.993237,no,no
ON-4147,02/08/2024 12:51,shriram,"[""FEVER""]","[""BP_default_eff""]",1,1000,3500,EN,0.718065004,,,,,,0.771042201,5.00E-04,0,default,,,1.85E+15,1110.880079,yes,no
ON-4144,02/08/2024 12:50,shriram,"[""FEVER""]","[""BP_default_eff""]",0,1000,3000,EN,0.687830688,,,,,0.755653999,,5.00E-04,0,default,,,1.60E+15,839.1361849,yes,no
ON-4142,02/08/2024 12:50,shriram,"[""FEVER""]","[""ewc""]",0,1000,3000,EN,0.70143613,,,,,0.755653999,,5.00E-04,0,default,,,1.50E+15,817.7854724,yes,yes
ON-4136,02/08/2024 12:50,shriram,"[""FEVER""]","[""ewc""]",0,1000,2000,EN,0.681783825,,,0.739799487,,,,5.00E-04,0,default,,,1.19E+15,672.1314232,yes,yes
ON-4135,02/08/2024 12:50,shriram,"[""FEVER""]","[""BP_default_eff""]",2,1000,1500,EN,0.699168556,,0.72161343,,,,,5.00E-04,0,default,,,1.26E+15,665.0851378,yes,no
ON-4133,02/08/2024 12:50,shriram,"[""FEVER""]","[""ewc""]",1,1000,2000,EN,0.712018141,,,0.723245512,,,,5.00E-04,0,default,,,1.99E+15,1084.774124,yes,yes
ON-4131,02/08/2024 12:49,shriram,"[""FEVER""]","[""Not_inc_eff""]",2,1000,1500,EN,0.689342404,,0.707857309,,,,,5.00E-04,1,default,,,7.65E+15,4764.121086,no,no
ON-4127,02/08/2024 12:49,shriram,"[""FEVER""]","[""ewc""]",2,1000,2000,EN,0.647770219,,,0.728141758,,,,5.00E-04,0,default,,,1.38E+15,807.6629176,yes,yes
ON-4126,02/08/2024 12:49,shriram,"[""FEVER""]","[""Not_inc_eff""]",1,1000,2500,EN,0.677248677,,,,0.748193052,,,5.00E-04,1,default,,,8.34E+15,4873.129669,no,no
ON-4121,02/08/2024 12:49,shriram,"[""FEVER""]","[""BP_default_eff""]",0,1000,1500,EN,0.661375661,,0.726276521,,,,,5.00E-04,1,default,,,3.49E+15,1748.26592,yes,no
ON-4120,02/08/2024 12:49,shriram,"[""FEVER""]","[""Not_inc_eff""]",0,1000,2000,EN,0.662887377,,,0.728841222,,,,5.00E-04,1,default,,,7.77E+15,4395.195056,no,no
ON-4119,02/08/2024 12:48,shriram,"[""FEVER""]","[""BP_default_eff""]",2,1000,2500,EN,0.649281935,,,,0.736768478,,,5.00E-04,0,default,,,1.55E+15,860.6791389,yes,no
ON-4113,02/08/2024 12:48,shriram,"[""FEVER""]","[""Not_inc_eff""]",2,1000,3000,EN,0.677248677,,,,,0.741431569,,5.00E-04,1,default,,,8.69E+15,4895.192904,no,no
ON-4109,02/08/2024 12:48,shriram,"[""FEVER""]","[""BP_default_eff""]",1,1000,1000,EN,0.675736961,0.705525764,,,,,,5.00E-04,0,default,,,8.35E+14,471.2936695,yes,no
ON-4106,02/08/2024 12:47,shriram,"[""FEVER""]","[""Not_inc_eff""]",0,1000,3000,EN,0.676492819,,,,,0.74912567,,5.00E-04,1,default,,,1.08E+16,6657.230113,no,no
ON-4100,02/08/2024 12:47,shriram,"[""FEVER""]","[""ewc""]",0,1000,1500,EN,0.699924414,,0.715085101,,,,,5.00E-04,0,default,,,9.73E+14,549.2052889,yes,yes
ON-4091,02/08/2024 12:46,shriram,"[""FEVER""]","[""ewc""]",1,1000,3500,EN,0.697656841,,,,,,0.771042201,5.00E-04,0,default,,,2.42E+15,1589.547315,yes,yes
ON-4090,02/08/2024 12:46,shriram,"[""FEVER""]","[""ewc""]",0,1000,3500,EN,0.660619803,,,,,,0.760550245,5.00E-04,0,default,,,1.96E+15,1761.182818,yes,yes
ON-4083,02/08/2024 12:45,shriram,"[""FEVER""]","[""BP_default_eff""]",2,1000,3000,EN,0.659108088,,,,,0.750524598,,5.00E-04,0,default,,,1.71E+15,916.8307331,yes,no
ON-4077,02/08/2024 12:45,shriram,"[""FEVER""]","[""BP_default_eff""]",1,1000,3000,EN,0.684051398,,,,,0.761016554,,5.00E-04,1,default,,,4.95E+15,2537.538661,yes,no
ON-4070,02/08/2024 12:44,shriram,"[""FEVER""]","[""ewc""]",0,1000,2500,EN,0.68707483,,,,0.745628352,,,5.00E-04,0,default,,,1.81E+15,1376.931092,yes,yes
ON-4066,02/08/2024 12:44,shriram,"[""FEVER""]","[""BP_default_eff""]",1,1000,3500,EN,0.690098262,,,,,,0.771042201,5.00E-04,1,default,,,6.35E+15,3215.117024,yes,no
ON-4057,02/08/2024 12:43,shriram,"[""FEVER""]","[""BP_default_eff""]",0,1000,2500,EN,0.68329554,,,,0.74656097,,,5.00E-04,1,default,,,7.07E+15,3469.830345,yes,no
ON-4053,02/08/2024 12:43,shriram,"[""FEVER""]","[""BP_default_eff""]",0,1000,2000,EN,0.681783825,,,0.738633714,,,,5.00E-04,1,default,,,4.15E+15,2141.912344,yes,no
ON-4051,02/08/2024 12:43,shriram,"[""FEVER""]","[""ewc""]",2,1000,1500,EN,0.671957672,,0.722312893,,,,,5.00E-04,0,default,,,1.19E+15,721.9437437,yes,yes
ON-4039,02/08/2024 12:42,shriram,"[""FEVER""]","[""ewc""]",2,1000,3000,EN,0.699924414,,,,,0.750524598,,5.00E-04,0,default,,,1.64E+15,1150.474113,yes,yes
ON-4035,02/08/2024 12:41,shriram,"[""FEVER""]","[""BP_default_eff""]",1,1000,2500,EN,0.690098262,,,,0.749825134,,,5.00E-04,1,default,,,4.83E+15,2466.072484,yes,no
ON-4033,02/08/2024 12:41,shriram,"[""FEVER""]","[""BP_default_eff""]",2,1000,1500,EN,0.679516251,,0.723478666,,,,,5.00E-04,1,default,,,2.89E+15,1491.770429,yes,no
ON-4028,02/08/2024 12:41,shriram,"[""FEVER""]","[""BP_default_eff""]",1,1000,1500,EN,0.680272109,,0.738866869,,,,,5.00E-04,1,default,,,3.30E+15,1743.941541,yes,no
ON-4027,02/08/2024 12:41,shriram,"[""FEVER""]","[""BP_default_eff""]",2,1000,3000,EN,0.678760393,,,,,0.750524598,,5.00E-04,1,default,,,5.01E+15,2545.851316,yes,no
ON-4025,02/08/2024 12:41,shriram,"[""FEVER""]","[""Not_inc_eff""]",0,1000,1000,EN,0.665154951,0.707857309,,,,,,5.00E-04,1,default,,,6.75E+15,3629.182976,no,no
ON-4010,02/08/2024 12:39,shriram,"[""FEVER""]","[""BP_default_eff""]",0,1000,2500,EN,0.634164777,,,,0.745162042,,,5.00E-04,0,default,,,2.00E+15,1041.330983,yes,no
ON-4004,02/08/2024 12:39,shriram,"[""FEVER""]","[""BP_default_eff""]",1,1000,2000,EN,0.685563114,,,0.740498951,,,,5.00E-04,1,default,,,4.11E+15,2161.093002,yes,no
ON-4003,02/08/2024 12:39,shriram,"[""FEVER""]","[""BP_default_eff""]",2,1000,2500,EN,0.681027967,,,,0.736768478,,,5.00E-04,1,default,,,4.37E+15,2302.794943,yes,no
ON-4001,02/08/2024 12:39,shriram,"[""FEVER""]","[""BP_default_eff""]",1,1000,3000,EN,0.712018141,,,,,0.76031709,,5.00E-04,0,default,,,1.72E+15,921.7642717,yes,no
ON-3999,02/08/2024 12:38,shriram,"[""FEVER""]","[""BP_default_eff""]",0,1000,3500,EN,0.675736961,,,,,,0.760550245,5.00E-04,0,default,,,2.45E+15,1385.854494,yes,no
ON-3996,02/08/2024 12:38,shriram,"[""FEVER""]","[""ewc""]",0,1000,1000,EN,0.684807256,0.708090464,,,,,,5.00E-04,0,default,,,1.19E+15,651.37973,yes,yes
ON-3994,02/08/2024 12:38,shriram,"[""FEVER""]","[""BP_default_eff""]",2,1000,3500,EN,0.669690098,,,,,,0.761949172,5.00E-04,1,default,,,6.86E+15,3487.681086,yes,no
ON-3985,02/08/2024 12:37,shriram,"[""FEVER""]","[""Not_inc_eff""]",1,1000,2000,EN,0.656840514,,,0.739100023,,,,5.00E-04,1,default,,,8.09E+15,4271.886257,no,no
ON-3984,02/08/2024 12:37,shriram,"[""FEVER""]","[""Not_inc_eff""]",1,1000,1500,EN,0.662131519,,0.731172768,,,,,5.00E-04,1,default,,,8.07E+15,4205.073513,no,no
ON-3980,02/08/2024 12:37,shriram,"[""FEVER""]","[""Not_inc_eff""]",1,1000,1000,EN,0.665154951,0.718116111,,,,,,5.00E-04,1,default,,,7.74E+15,4061.937645,no,no
ON-3978,02/08/2024 12:37,shriram,"[""FEVER""]","[""ewc""]",1,1000,1500,EN,0.690098262,,0.743296806,,,,,5.00E-04,0,default,,,1.19E+15,666.8649352,yes,yes
ON-3977,02/08/2024 12:37,shriram,"[""FEVER""]","[""Not_inc_eff""]",2,1000,1000,EN,0.697656841,0.696432735,,,,,,5.00E-04,1,default,,,5.68E+15,2923.835487,no,no
ON-3971,02/08/2024 12:36,shriram,"[""FEVER""]","[""BP_default_eff""]",0,1000,1500,EN,0.705971277,,0.715551411,,,,,5.00E-04,0,default,,,9.92E+14,619.8899882,yes,no
ON-3957,02/08/2024 12:35,shriram,"[""FEVER""]","[""ewc""]",2,1000,3500,EN,0.665910809,,,,,,0.761949172,5.00E-04,0,default,,,2.27E+15,1331.541579,yes,yes
ON-3949,02/08/2024 12:34,shriram,"[""FEVER""]","[""Not_inc_eff""]",0,1000,2500,EN,0.670445956,,,,0.734903241,,,5.00E-04,1,default,,,1.02E+16,5190.380378,no,no
ON-3939,02/08/2024 12:34,shriram,"[""FEVER""]","[""BP_default_eff""]",0,1000,3500,EN,0.68707483,,,,,,0.760550245,5.00E-04,1,default,,,5.52E+15,2968.576574,yes,no
ON-3937,02/08/2024 12:33,shriram,"[""FEVER""]","[""ewc""]",2,1000,1000,EN,0.681783825,0.701328981,,,,,,5.00E-04,0,default,,,9.06E+14,508.424624,yes,yes
ON-3936,02/08/2024 12:33,shriram,"[""FEVER""]","[""ewc""]",1,1000,3000,EN,0.662131519,,,,,0.760550245,,5.00E-04,0,default,,,1.50E+15,866.6738086,yes,yes
ON-3932,02/08/2024 12:33,shriram,"[""FEVER""]","[""BP_default_eff""]",0,1000,1000,EN,0.685563114,0.708090464,,,,,,5.00E-04,0,default,,,1.13E+15,599.1993542,yes,no
ON-3931,02/08/2024 12:33,shriram,"[""FEVER""]","[""BP_default_eff""]",2,1000,3500,EN,0.676492819,,,,,,0.761949172,5.00E-04,0,default,,,2.20E+15,1153.324413,yes,no
ON-3930,02/08/2024 12:33,shriram,"[""FEVER""]","[""ewc""]",2,1000,2500,EN,0.696145125,,,,0.736768478,,,5.00E-04,0,default,,,1.53E+15,878.1936154,yes,yes
ON-3921,02/08/2024 12:32,shriram,"[""FEVER""]","[""BP_default_eff""]",0,1000,3000,EN,0.678004535,,,,,0.755653999,,5.00E-04,1,default,,,5.01E+15,3172.927529,yes,no
ON-3920,02/08/2024 12:32,shriram,"[""FEVER""]","[""Not_inc_eff""]",1,1000,3500,EN,0.704459562,,,,,,0.767311728,5.00E-04,1,default,,,1.06E+16,5534.666312,no,no
ON-3914,02/08/2024 12:32,shriram,"[""FEVER""]","[""ewc""]",1,1000,1000,EN,0.657596372,0.707157846,,,,,,5.00E-04,0,default,,,8.29E+14,452.9271975,yes,yes
ON-3910,02/08/2024 12:31,shriram,"[""FEVER""]","[""BP_default_eff""]",0,1000,1000,EN,0.670445956,0.706924691,,,,,,5.00E-04,1,default,,,3.33E+15,2073.247706,yes,no
ON-3899,02/08/2024 12:30,shriram,"[""FEVER""]","[""BP_default_eff""]",1,1000,1500,EN,0.670445956,,0.71858242,,,,,5.00E-04,0,default,,,1.03E+15,564.1442115,yes,no
ON-3898,02/08/2024 12:30,shriram,"[""FEVER""]","[""Not_inc_eff""]",1,1000,3000,EN,0.675736961,,,,,0.758218699,,5.00E-04,1,default,,,9.24E+15,5639.058406,no,no
ON-3896,02/08/2024 12:30,shriram,"[""FEVER""]","[""BP_default_eff""]",1,1000,2500,EN,0.678004535,,,,0.749591979,,,5.00E-04,0,default,,,2.34E+15,1323.48396,yes,no
ON-3892,02/08/2024 12:30,shriram,"[""FEVER""]","[""BP_default_eff""]",2,1000,1000,EN,0.698412698,0.701328981,,,,,,5.00E-04,0,default,,,9.34E+14,490.4814069,yes,no
ON-3882,02/08/2024 12:29,shriram,"[""FEVER""]","[""Not_inc_eff""]",0,1000,3500,EN,0.686318972,,,,,,0.759617626,5.00E-04,1,default,,,1.22E+16,6251.615173,no,no
ON-3869,02/08/2024 12:28,shriram,"[""FEVER""]","[""ewc""]",1,1000,2500,EN,0.710506425,,,,0.747726743,,,5.00E-04,0,default,,,1.64E+15,933.8130031,yes,yes
ON-3866,02/08/2024 12:28,shriram,"[""FEVER""]","[""Not_inc_eff""]",2,1000,2000,EN,0.690098262,,,0.715551411,,,,5.00E-04,1,default,,,8.04E+15,4339.389205,no,no
ON-3865,02/08/2024 12:28,shriram,"[""FEVER""]","[""BP_default_eff""]",2,1000,1000,EN,0.678004535,0.714152483,,,,,,5.00E-04,1,default,,,2.72E+15,1412.666947,yes,no
ON-3863,02/08/2024 12:27,shriram,"[""FEVER""]","[""Not_inc_eff""]",2,1000,3500,EN,0.690098262,,,,,,0.761949172,5.00E-04,1,default,,,1.40E+16,7670.274044,no,no
ON-3859,02/08/2024 12:27,shriram,"[""FEVER""]","[""BP_default_eff""]",1,1000,2000,EN,0.700680272,,,0.723245512,,,,5.00E-04,0,default,,,1.74E+15,913.0667467,yes,no
ON-3852,02/08/2024 12:26,shriram,"[""FEVER""]","[""BP_default_eff""]",1,1000,1000,EN,0.675736961,0.728608067,,,,,,5.00E-04,1,default,,,1.90E+15,979.0971351,yes,no
ON-3846,02/08/2024 12:26,shriram,"[""FEVER""]","[""Not_inc_eff""]",0,1000,1500,EN,0.662887377,,0.717416647,,,,,5.00E-04,1,default,,,6.32E+15,3269.488333,no,no
ON-3840,02/08/2024 12:25,shriram,"[""FEVER""]","[""BP_default_eff""]",0,1000,2000,EN,0.677248677,,,0.740265796,,,,5.00E-04,0,default,,,1.82E+15,991.1068954,yes,no
ON-3828,01/08/2024 10:12,shriram,"[""FEVER""]","[""ewc""]",1,1000,1000,BT,0.691609977,0.725343903,,,,,,5.00E-04,0,default,,,1.15E+15,597.8213995,yes,yes
ON-3827,01/08/2024 10:12,shriram,"[""FEVER""]","[""ewc""]",1,1000,1500,b1,0.70143613,,0.728841222,,,,,5.00E-04,0,default,,,1.40E+15,742.6890981,yes,yes
ON-3826,01/08/2024 10:12,shriram,"[""FEVER""]","[""ewc""]",2,1000,3000,BT,0.642479214,,,,,0.750291443,,5.00E-04,0,default,,,1.98E+15,1047.29736,yes,yes
ON-3824,01/08/2024 10:12,shriram,"[""FEVER""]","[""ewc""]",0,1000,3500,BT,0.685563114,,,,,,0.77453952,5.00E-04,0,default,,,1.84E+15,1067.67255,yes,yes
ON-3822,01/08/2024 10:11,shriram,"[""FEVER""]","[""ewc""]",1,1000,2500,b1,0.681027967,,,,0.736069014,,,5.00E-04,0,default,,,1.74E+15,1040.520037,yes,yes
ON-3821,01/08/2024 10:11,shriram,"[""FEVER""]","[""ewc""]",0,1000,3000,BT,0.693121693,,,,,0.766612264,,5.00E-04,0,default,,,2.11E+15,1213.758037,yes,yes
ON-3819,01/08/2024 10:11,shriram,"[""FEVER""]","[""ewc""]",0,1000,2500,BT,0.635676493,,,,0.753788762,,,5.00E-04,0,default,,,2.31E+15,1241.854463,yes,yes
ON-3816,01/08/2024 10:11,shriram,"[""FEVER""]","[""ewc""]",1,1000,3500,b1,0.624338624,,,,,,0.747726743,5.00E-04,0,default,,,2.51E+15,1415.420988,yes,yes
ON-3814,01/08/2024 10:11,shriram,"[""FEVER""]","[""ewc""]",2,1000,2000,BT,0.679516251,,,0.74352996,,,,5.00E-04,0,default,,,2.16E+15,1142.042311,yes,yes
ON-3806,01/08/2024 10:10,shriram,"[""FEVER""]","[""ewc""]",1,1000,1500,BT,0.682539683,,0.744928888,,,,,5.00E-04,0,default,,,1.51E+15,841.6247983,yes,yes
ON-3805,01/08/2024 10:10,shriram,"[""FEVER""]","[""ewc""]",1,1000,2000,BT,0.670445956,,,0.753788762,,,,5.00E-04,0,default,,,1.95E+15,1057.140908,yes,yes
ON-3804,01/08/2024 10:10,shriram,"[""FEVER""]","[""ewc""]",2,1000,1500,b1,0.689342404,,0.719515038,,,,,5.00E-04,0,default,,,1.36E+15,738.5115433,yes,yes
ON-3803,01/08/2024 10:10,shriram,"[""FEVER""]","[""ewc""]",1,1000,3000,b1,0.70143613,,,,,0.75215668,,5.00E-04,0,default,,,1.99E+15,1065.190656,yes,yes
ON-3796,01/08/2024 10:09,shriram,"[""FEVER""]","[""ewc""]",2,1000,1000,BT,0.689342404,0.723245512,,,,,,5.00E-04,0,default,,,1.09E+15,686.2027571,yes,yes
ON-3793,01/08/2024 10:09,shriram,"[""FEVER""]","[""ewc""]",2,1000,1500,BT,0.685563114,,0.731872231,,,,,5.00E-04,0,default,,,1.57E+15,821.6364141,yes,yes
ON-3792,01/08/2024 10:09,shriram,"[""FEVER""]","[""ewc""]",0,1000,1500,BT,0.676492819,,0.725110748,,,,,5.00E-04,0,default,,,1.52E+15,871.0296707,yes,yes
ON-3789,01/08/2024 10:09,shriram,"[""FEVER""]","[""ewc""]",0,1000,1000,BT,0.61148904,0.658428538,,,,,,5.00E-04,0,default,,,1.11E+15,634.5864308,yes,yes
ON-3785,01/08/2024 10:08,shriram,"[""FEVER""]","[""ewc""]",2,1000,2500,BT,0.684051398,,,,0.752856144,,,5.00E-04,0,default,,,2.05E+15,1165.106212,yes,yes
ON-3776,01/08/2024 10:08,shriram,"[""FEVER""]","[""ewc""]",2,1000,3500,BT,0.702191988,,,,,,0.761249709,5.00E-04,0,default,,,2.73E+15,1574.144794,yes,yes
ON-3775,01/08/2024 10:08,shriram,"[""FEVER""]","[""ewc""]",0,1000,2000,b1,0.682539683,,,0.73793425,,,,5.00E-04,0,default,,,2.09E+15,1146.875928,yes,yes
ON-3773,01/08/2024 10:07,shriram,"[""FEVER""]","[""ewc""]",2,1000,3500,b1,0.696145125,,,,,,0.769176964,5.00E-04,0,default,,,2.30E+15,1504.282737,yes,yes
ON-3772,01/08/2024 10:07,shriram,"[""FEVER""]","[""ewc""]",0,1000,2000,BT,0.667422525,,,0.751690371,,,,5.00E-04,0,default,,,2.23E+15,1165.308118,yes,yes
ON-3771,01/08/2024 10:07,shriram,"[""FEVER""]","[""ewc""]",2,1000,2000,b1,0.665154951,,,0.720913966,,,,5.00E-04,0,default,,,1.41E+15,825.7727675,yes,yes
ON-3770,01/08/2024 10:07,shriram,"[""FEVER""]","[""ewc""]",1,1000,1000,b1,0.665910809,0.689204943,,,,,,5.00E-04,0,default,,,1.04E+15,569.7962396,yes,yes
ON-3766,01/08/2024 10:07,shriram,"[""FEVER""]","[""ewc""]",0,1000,3000,b1,0.670445956,,,,,0.73840056,,5.00E-04,0,default,,,2.68E+15,1437.468585,yes,yes
ON-3765,01/08/2024 10:07,shriram,"[""FEVER""]","[""ewc""]",2,1000,2500,b1,0.685563114,,,,0.744695733,,,5.00E-04,0,default,,,1.70E+15,990.9718857,yes,yes
ON-3763,01/08/2024 10:07,shriram,"[""FEVER""]","[""ewc""]",1,1000,2000,b1,0.676492819,,,0.731639077,,,,5.00E-04,0,default,,,1.34E+15,696.3838019,yes,yes
ON-3760,01/08/2024 10:06,shriram,"[""FEVER""]","[""ewc""]",0,1000,1500,b1,0.684051398,,0.713453019,,,,,5.00E-04,0,default,,,1.04E+15,614.9226415,yes,yes
ON-3755,01/08/2024 10:06,shriram,"[""FEVER""]","[""ewc""]",0,1000,3500,b1,0.67271353,,,,,,0.760783399,5.00E-04,0,default,,,2.44E+15,1681.780021,yes,yes
ON-3753,01/08/2024 10:06,shriram,"[""FEVER""]","[""ewc""]",1,1000,3500,BT,0.699924414,,,,,,0.777570529,5.00E-04,0,default,,,1.92E+15,1096.098032,yes,yes
ON-3744,01/08/2024 10:05,shriram,"[""FEVER""]","[""ewc""]",2,1000,1000,b1,0.698412698,0.721147121,,,,,,5.00E-04,0,default,,,9.00E+14,457.2768478,yes,yes
ON-3741,01/08/2024 10:05,shriram,"[""FEVER""]","[""ewc""]",1,1000,2500,BT,0.659863946,,,,0.761482863,,,5.00E-04,0,default,,,1.77E+15,1013.117033,yes,yes
ON-3740,01/08/2024 10:05,shriram,"[""FEVER""]","[""ewc""]",2,1000,3000,b1,0.692365835,,,,,0.747027279,,5.00E-04,0,default,,,2.05E+15,1216.464257,yes,yes
ON-3738,01/08/2024 10:05,shriram,"[""FEVER""]","[""ewc""]",0,1000,2500,b1,0.664399093,,,,0.737234787,,,5.00E-04,0,default,,,1.70E+15,990.1613121,yes,yes
ON-3737,01/08/2024 10:05,shriram,"[""FEVER""]","[""ewc""]",0,1000,1000,b1,0.65835223,0.701328981,,,,,,5.00E-04,0,default,,,1.45E+15,721.0280023,yes,yes
ON-3724,01/08/2024 10:03,shriram,"[""FEVER""]","[""ewc""]",1,1000,3000,BT,0.689342404,,,,,0.774306365,,5.00E-04,0,default,,,1.83E+15,1051.455506,yes,yes
ON-3573,29/07/2024 11:16,shriram,"[""FEVER""]","[""BP_default_eff""]",0,1000,2500,b1,0.656840514,,,,0.723944976,,,5.00E-04,1,default,,,3.28E+15,1675.749127,yes,no
ON-3572,29/07/2024 11:16,shriram,"[""FEVER""]","[""BP_default_eff""]",1,1000,3500,BT,0.696145125,,,,,,0.770809046,5.00E-04,1,default,,,7.30E+15,3771.827659,yes,no
ON-3571,29/07/2024 11:16,shriram,"[""FEVER""]","[""Not_inc_eff""]",1,1000,2500,BT,0.685563114,,,,0.763581254,,,5.00E-04,1,default,,,9.17E+15,5009.711657,no,no
ON-3570,29/07/2024 11:15,shriram,"[""FEVER""]","[""BP_default_eff""]",2,1000,3500,b1,0.691609977,,,,,,0.761482863,5.00E-04,1,default,,,7.65E+15,4187.689488,yes,no
ON-3569,29/07/2024 11:15,shriram,"[""FEVER""]","[""BP_default_eff""]",1,1000,3500,BT,0.692365835,,,,,,0.777803684,5.00E-04,0,default,,,1.95E+15,1003.442028,yes,no
ON-3568,29/07/2024 11:15,shriram,"[""FEVER""]","[""BP_default_eff""]",1,1000,3000,BT,0.691609977,,,,,0.772907438,,5.00E-04,0,default,,,2.04E+15,1039.557619,yes,no
ON-3567,29/07/2024 11:15,shriram,"[""FEVER""]","[""Not_inc_eff""]",0,1000,3000,b1,0.700680272,,,,,0.754954535,,5.00E-04,1,default,,,5.52E+15,2911.629185,no,no
ON-3566,29/07/2024 11:15,shriram,"[""FEVER""]","[""Not_inc_eff""]",0,1000,2000,b1,0.688586546,,,0.729307531,,,,5.00E-04,1,default,,,3.19E+15,1638.265602,no,no
ON-3565,29/07/2024 11:15,shriram,"[""FEVER""]","[""Not_inc_eff""]",2,1000,1500,BT,0.698412698,,0.74096526,,,,,5.00E-04,1,default,,,5.77E+15,2925.193244,no,no
ON-3564,29/07/2024 11:15,shriram,"[""FEVER""]","[""BP_default_eff""]",1,1000,1500,b1,0.70143613,,0.721147121,,,,,5.00E-04,1,default,,,2.20E+15,1134.139349,yes,no
ON-3563,29/07/2024 11:15,shriram,"[""FEVER""]","[""BP_default_eff""]",0,1000,1000,b1,0.65835223,0.701328981,,,,,,5.00E-04,0,default,,,1.45E+15,819.4969454,yes,no
ON-3562,29/07/2024 11:15,shriram,"[""FEVER""]","[""BP_default_eff""]",2,1000,3000,b1,0.686318972,,,,,0.740265796,,5.00E-04,0,default,,,1.92E+15,984.6608219,yes,no
ON-3561,29/07/2024 11:15,shriram,"[""FEVER""]","[""BP_default_eff""]",2,1000,1000,BT,0.687830688,0.715085101,,,,,,5.00E-04,0,default,,,1.08E+15,587.9050148,yes,no
ON-3560,29/07/2024 11:15,shriram,"[""FEVER""]","[""BP_default_eff""]",1,1000,1000,b1,0.665910809,0.689204943,,,,,,5.00E-04,1,default,,,1.04E+15,520.4336491,yes,no
ON-3559,29/07/2024 11:15,shriram,"[""FEVER""]","[""BP_default_eff""]",2,1000,1500,b1,0.673469388,,0.713219865,,,,,5.00E-04,1,default,,,1.66E+15,859.3668406,yes,no
ON-3558,29/07/2024 11:15,shriram,"[""FEVER""]","[""BP_default_eff""]",2,1000,2500,BT,0.684807256,,,,0.751224062,,,5.00E-04,1,default,,,5.27E+15,2692.334798,yes,no
ON-3557,29/07/2024 11:15,shriram,"[""FEVER""]","[""BP_default_eff""]",1,1000,1000,b1,0.665910809,0.689204943,,,,,,5.00E-04,0,default,,,1.04E+15,530.7681313,yes,no
ON-3556,29/07/2024 11:15,shriram,"[""FEVER""]","[""BP_default_eff""]",2,1000,1000,BT,0.680272109,0.712520401,,,,,,5.00E-04,1,default,,,2.62E+15,1353.965129,yes,no
ON-3555,29/07/2024 11:15,shriram,"[""FEVER""]","[""Not_inc_eff""]",2,1000,2500,b1,0.680272109,,,,0.737701096,,,5.00E-04,1,default,,,5.73E+15,2865.120033,no,no
ON-3554,29/07/2024 11:14,shriram,"[""FEVER""]","[""BP_default_eff""]",0,1000,3500,b1,0.674981104,,,,,,0.755420844,5.00E-04,1,default,,,5.31E+15,2821.92239,yes,no
ON-3553,29/07/2024 11:14,shriram,"[""FEVER""]","[""Not_inc_eff""]",1,1000,1500,BT,0.681783825,,0.728608067,,,,,5.00E-04,1,default,,,5.09E+15,2669.717428,no,no
ON-3552,29/07/2024 11:14,shriram,"[""FEVER""]","[""BP_default_eff""]",2,1000,3000,BT,0.68329554,,,,,0.750291443,,5.00E-04,1,default,,,5.42E+15,2849.200933,yes,no
ON-3551,29/07/2024 11:14,shriram,"[""FEVER""]","[""Not_inc_eff""]",0,1000,2500,b1,0.688586546,,,,0.745861506,,,5.00E-04,1,default,,,6.67E+15,3468.736171,no,no
ON-3550,29/07/2024 11:14,shriram,"[""FEVER""]","[""BP_default_eff""]",0,1000,1000,BT,0.667422525,0.712054092,,,,,,5.00E-04,1,default,,,1.66E+15,886.606986,yes,no
ON-3549,29/07/2024 11:14,shriram,"[""FEVER""]","[""BP_default_eff""]",2,1000,2500,b1,0.676492819,,,,0.739566332,,,5.00E-04,1,default,,,3.31E+15,1675.222015,yes,no
ON-3548,29/07/2024 11:14,shriram,"[""FEVER""]","[""Not_inc_eff""]",0,1000,2000,BT,0.68329554,,,0.745861506,,,,5.00E-04,1,default,,,1.05E+16,5337.663942,no,no
ON-3547,29/07/2024 11:14,shriram,"[""FEVER""]","[""Not_inc_eff""]",1,1000,3000,BT,0.675736961,,,,,0.768011191,,5.00E-04,1,default,,,1.18E+16,5677.91198,no,no
ON-3546,29/07/2024 11:14,shriram,"[""FEVER""]","[""Not_inc_eff""]",1,1000,3500,b1,0.687830688,,,,,,0.758918163,5.00E-04,1,default,,,8.48E+15,4299.855116,no,no
ON-3545,29/07/2024 11:14,shriram,"[""FEVER""]","[""BP_default_eff""]",2,1000,1500,BT,0.68707483,,0.733737468,,,,,5.00E-04,1,default,,,4.44E+15,2289.817819,yes,no
ON-3544,29/07/2024 11:14,shriram,"[""FEVER""]","[""Not_inc_eff""]",1,1000,3500,BT,0.67271353,,,,,,0.768477501,5.00E-04,1,default,,,1.17E+16,5990.798039,no,no
ON-3543,29/07/2024 11:14,shriram,"[""FEVER""]","[""BP_default_eff""]",0,1000,1000,BT,0.678004535,0.705292609,,,,,,5.00E-04,0,default,,,1.17E+15,602.3863578,yes,no
ON-3542,29/07/2024 11:14,shriram,"[""FEVER""]","[""Not_inc_eff""]",2,1000,3500,BT,0.676492819,,,,,,0.765679646,5.00E-04,1,default,,,1.01E+16,5255.67202,no,no
ON-3541,29/07/2024 11:14,shriram,"[""FEVER""]","[""Not_inc_eff""]",1,1000,2000,b1,0.688586546,,,0.732105386,,,,5.00E-04,1,default,,,2.65E+15,1387.790791,no,no
ON-3540,29/07/2024 11:14,shriram,"[""FEVER""]","[""BP_default_eff""]",0,1000,1500,BT,0.677248677,,0.734203777,,,,,5.00E-04,0,default,,,1.41E+15,772.2878609,yes,no
ON-3539,29/07/2024 11:14,shriram,"[""FEVER""]","[""BP_default_eff""]",1,1000,1000,BT,0.691609977,0.711587783,,,,,,5.00E-04,0,default,,,1.15E+15,589.8463645,yes,no
ON-3538,29/07/2024 11:13,shriram,"[""FEVER""]","[""BP_default_eff""]",0,1000,3500,b1,0.674225246,,,,,,0.756120308,5.00E-04,0,default,,,2.65E+15,1453.752843,yes,no
ON-3537,29/07/2024 11:13,shriram,"[""FEVER""]","[""BP_default_eff""]",1,1000,2000,b1,0.708238851,,,0.739333178,,,,5.00E-04,1,default,,,2.03E+15,1004.404592,yes,no
ON-3536,29/07/2024 11:13,shriram,"[""FEVER""]","[""BP_default_eff""]",0,1000,2500,BT,0.670445956,,,,0.750757752,,,5.00E-04,0,default,,,2.57E+15,1305.642636,yes,no
ON-3535,29/07/2024 11:13,shriram,"[""FEVER""]","[""BP_default_eff""]",2,1000,1500,b1,0.666666667,,0.71601772,,,,,5.00E-04,0,default,,,1.32E+15,655.254283,yes,no
ON-3534,29/07/2024 11:13,shriram,"[""FEVER""]","[""BP_default_eff""]",1,1000,1500,b1,0.702191988,,0.724411285,,,,,5.00E-04,0,default,,,1.43E+15,743.5476902,yes,no
ON-3533,29/07/2024 11:13,shriram,"[""FEVER""]","[""Not_inc_eff""]",2,1000,1000,BT,0.642479214,0.692002798,,,,,,5.00E-04,1,default,,,1.85E+15,1003.734839,no,no
ON-3532,29/07/2024 11:13,shriram,"[""FEVER""]","[""Not_inc_eff""]",1,1000,1000,b1,0.661375661,0.68547447,,,,,,5.00E-04,1,default,,,1.31E+15,688.9234598,no,no
ON-3531,29/07/2024 11:13,shriram,"[""FEVER""]","[""BP_default_eff""]",0,1000,3000,b1,0.64399093,,,,,0.736302168,,5.00E-04,0,default,,,3.02E+15,1576.276484,yes,no
ON-3530,29/07/2024 11:13,shriram,"[""FEVER""]","[""Not_inc_eff""]",2,1000,1500,b1,0.681027967,,0.731405922,,,,,5.00E-04,1,default,,,3.67E+15,1839.070681,no,no
ON-3529,29/07/2024 11:13,shriram,"[""FEVER""]","[""BP_default_eff""]",2,1000,2000,b1,0.664399093,,,0.712520401,,,,5.00E-04,0,default,,,1.48E+15,786.6721125,yes,no
ON-3528,29/07/2024 11:13,shriram,"[""FEVER""]","[""BP_default_eff""]",0,1000,3500,BT,0.700680272,,,,,,0.773140592,5.00E-04,0,default,,,2.37E+15,1281.237917,yes,no
ON-3527,29/07/2024 11:13,shriram,"[""FEVER""]","[""Not_inc_eff""]",0,1000,1500,BT,0.681027967,,0.727675449,,,,,5.00E-04,1,default,,,8.67E+15,4335.689096,no,no
ON-3526,29/07/2024 11:13,shriram,"[""FEVER""]","[""BP_default_eff""]",1,1000,3500,b1,0.680272109,,,,,,0.755653999,5.00E-04,0,default,,,2.17E+15,1182.754989,yes,no
ON-3525,29/07/2024 11:13,shriram,"[""FEVER""]","[""Not_inc_eff""]",0,1000,1000,BT,0.666666667,0.702261599,,,,,,5.00E-04,1,default,,,3.67E+15,1945.156594,no,no
ON-3524,29/07/2024 11:13,shriram,"[""FEVER""]","[""Not_inc_eff""]",2,1000,2000,BT,0.682539683,,,0.754488226,,,,5.00E-04,1,default,,,9.79E+15,4827.132387,no,no
ON-3523,29/07/2024 11:13,shriram,"[""FEVER""]","[""BP_default_eff""]",1,1000,2000,b1,0.660619803,,,0.713919329,,,,5.00E-04,0,default,,,1.27E+15,670.5451279,yes,no
ON-3522,29/07/2024 11:12,shriram,"[""FEVER""]","[""Not_inc_eff""]",0,1000,1500,b1,0.696145125,,0.716950338,,,,,5.00E-04,1,default,,,3.08E+15,1586.563183,no,no
ON-3521,29/07/2024 11:12,shriram,"[""FEVER""]","[""BP_default_eff""]",0,1000,2000,BT,0.680272109,,,0.750058289,,,,5.00E-04,1,default,,,6.12E+15,3183.157304,yes,no
ON-3520,29/07/2024 11:12,shriram,"[""FEVER""]","[""Not_inc_eff""]",1,1000,3000,b1,0.678760393,,,,,0.750058289,,5.00E-04,1,default,,,5.25E+15,2793.854164,no,no
ON-3519,29/07/2024 11:12,shriram,"[""FEVER""]","[""BP_default_eff""]",1,1000,2500,b1,0.680272109,,,,0.737467941,,,5.00E-04,0,default,,,1.64E+15,855.7729905,yes,no
ON-3518,29/07/2024 11:12,shriram,"[""FEVER""]","[""Not_inc_eff""]",1,1000,1500,b1,0.685563114,,0.716950338,,,,,5.00E-04,1,default,,,3.46E+15,1797.594985,no,no
ON-3517,29/07/2024 11:12,shriram,"[""FEVER""]","[""BP_default_eff""]",0,1000,1000,b1,0.65835223,0.701328981,,,,,,5.00E-04,1,default,,,1.45E+15,723.2884409,yes,no
ON-3516,29/07/2024 11:12,shriram,"[""FEVER""]","[""BP_default_eff""]",2,1000,1000,b1,0.698412698,0.721147121,,,,,,5.00E-04,1,default,,,9.00E+14,463.4127052,yes,no
ON-3515,29/07/2024 11:12,shriram,"[""FEVER""]","[""BP_default_eff""]",0,1000,2500,b1,0.678004535,,,,0.739799487,,,5.00E-04,0,default,,,1.84E+15,933.0327094,yes,no
ON-3514,29/07/2024 11:12,shriram,"[""FEVER""]","[""BP_default_eff""]",2,1000,3000,b1,0.67271353,,,,,0.747493588,,5.00E-04,1,default,,,5.74E+15,3140.406349,yes,no
ON-3513,29/07/2024 11:12,shriram,"[""FEVER""]","[""Not_inc_eff""]",0,1000,3500,b1,0.688586546,,,,,,0.760083936,5.00E-04,1,default,,,9.37E+15,4766.487657,no,no
ON-3512,29/07/2024 11:12,shriram,"[""FEVER""]","[""BP_default_eff""]",2,1000,3500,BT,0.696145125,,,,,,0.761249709,5.00E-04,1,default,,,7.25E+15,3777.621436,yes,no
ON-3511,29/07/2024 11:12,shriram,"[""FEVER""]","[""Not_inc_eff""]",2,1000,3000,b1,0.691609977,,,,,0.754488226,,5.00E-04,1,default,,,7.32E+15,3607.303816,no,no
ON-3510,29/07/2024 11:12,shriram,"[""FEVER""]","[""BP_default_eff""]",1,1000,2000,BT,0.686318972,,,0.746794125,,,,5.00E-04,1,default,,,6.76E+15,3366.361602,yes,no
ON-3509,29/07/2024 11:12,shriram,"[""FEVER""]","[""Not_inc_eff""]",2,1000,2500,BT,0.688586546,,,,0.759850781,,,5.00E-04,1,default,,,1.07E+16,5259.128312,no,no
ON-3508,29/07/2024 11:12,shriram,"[""FEVER""]","[""BP_default_eff""]",0,1000,3500,BT,0.680272109,,,,,,0.772674283,5.00E-04,1,default,,,8.18E+15,4253.96876,yes,no
ON-3507,29/07/2024 11:11,shriram,"[""FEVER""]","[""Not_inc_eff""]",1,1000,2500,b1,0.665154951,,,,0.742131033,,,5.00E-04,1,default,,,6.25E+15,3146.812311,no,no
ON-3506,29/07/2024 11:11,shriram,"[""FEVER""]","[""BP_default_eff""]",1,1000,1000,BT,0.665910809,0.704126836,,,,,,5.00E-04,1,default,,,1.92E+15,969.624095,yes,no
ON-3505,29/07/2024 11:11,shriram,"[""FEVER""]","[""BP_default_eff""]",0,1000,1500,b1,0.662887377,,0.704126836,,,,,5.00E-04,1,default,,,1.51E+15,747.5710382,yes,no
ON-3504,29/07/2024 11:11,shriram,"[""FEVER""]","[""BP_default_eff""]",0,1000,2000,BT,0.677248677,,,0.752856144,,,,5.00E-04,0,default,,,2.13E+15,1110.305813,yes,no
ON-3503,29/07/2024 11:11,shriram,"[""FEVER""]","[""BP_default_eff""]",1,1000,2500,b1,0.704459562,,,,0.740265796,,,5.00E-04,1,default,,,3.98E+15,2100.129801,yes,no
ON-3502,29/07/2024 11:11,shriram,"[""FEVER""]","[""Not_inc_eff""]",0,1000,2500,BT,0.696900983,,,,0.750990907,,,5.00E-04,1,default,,,1.20E+16,6063.838729,no,no
ON-3501,29/07/2024 11:11,shriram,"[""FEVER""]","[""BP_default_eff""]",1,1000,3000,b1,0.693877551,,,,,0.745395197,,5.00E-04,0,default,,,1.65E+15,850.1374724,yes,no
ON-3500,29/07/2024 11:11,shriram,"[""FEVER""]","[""BP_default_eff""]",1,1000,2500,BT,0.689342404,,,,0.762182327,,,5.00E-04,0,default,,,1.64E+15,878.977695,yes,no
ON-3499,29/07/2024 11:11,shriram,"[""FEVER""]","[""BP_default_eff""]",1,1000,3000,b1,0.711262283,,,,,0.750990907,,5.00E-04,1,default,,,3.54E+15,1887.856279,yes,no
ON-3498,29/07/2024 11:11,shriram,"[""FEVER""]","[""BP_default_eff""]",2,1000,2000,BT,0.693877551,,,0.74656097,,,,5.00E-04,0,default,,,2.48E+15,1336.468059,yes,no
ON-3497,29/07/2024 11:11,shriram,"[""FEVER""]","[""Not_inc_eff""]",0,1000,3500,BT,0.659108088,,,,,,0.764280718,5.00E-04,1,default,,,9.97E+15,5475.747165,no,no
ON-3496,29/07/2024 11:11,shriram,"[""FEVER""]","[""BP_default_eff""]",0,1000,2500,BT,0.68329554,,,,0.756819772,,,5.00E-04,1,default,,,5.67E+15,2864.292889,yes,no
ON-3495,29/07/2024 11:11,shriram,"[""FEVER""]","[""BP_default_eff""]",0,1000,1500,b1,0.687830688,,0.713453019,,,,,5.00E-04,0,default,,,1.04E+15,524.951082,yes,no
ON-3494,29/07/2024 11:11,shriram,"[""FEVER""]","[""BP_default_eff""]",1,1000,1500,BT,0.656840514,,0.720913966,,,,,5.00E-04,1,default,,,3.20E+15,1765.070736,yes,no
ON-3493,29/07/2024 11:11,shriram,"[""FEVER""]","[""Not_inc_eff""]",1,1000,1000,BT,0.662887377,0.707391,,,,,,5.00E-04,1,default,,,3.22E+15,1581.082463,no,no
ON-3492,29/07/2024 11:10,shriram,"[""FEVER""]","[""Not_inc_eff""]",2,1000,2000,b1,0.675736961,,,0.728841222,,,,5.00E-04,1,default,,,4.17E+15,2212.197886,no,no
ON-3491,29/07/2024 11:10,shriram,"[""FEVER""]","[""Not_inc_eff""]",0,1000,3000,BT,0.687830688,,,,,0.756120308,,5.00E-04,1,default,,,1.05E+16,5251.053468,no,no
ON-3490,29/07/2024 11:10,shriram,"[""FEVER""]","[""BP_default_eff""]",1,1000,3000,BT,0.681783825,,,,,0.770575892,,5.00E-04,1,default,,,6.12E+15,3254.450356,yes,no
ON-3489,29/07/2024 11:10,shriram,"[""FEVER""]","[""BP_default_eff""]",2,1000,3500,BT,0.702947846,,,,,,0.761249709,5.00E-04,0,default,,,2.76E+15,1450.562277,yes,no
ON-3488,29/07/2024 11:10,shriram,"[""FEVER""]","[""BP_default_eff""]",2,1000,1000,b1,0.698412698,0.721147121,,,,,,5.00E-04,0,default,,,9.00E+14,488.6940072,yes,no
ON-3487,29/07/2024 11:10,shriram,"[""FEVER""]","[""BP_default_eff""]",0,1000,3000,BT,0.675736961,,,,,0.767311728,,5.00E-04,1,default,,,6.07E+15,3198.715337,yes,no
ON-3486,29/07/2024 11:10,shriram,"[""FEVER""]","[""BP_default_eff""]",0,1000,2000,b1,0.686318972,,,0.728841222,,,,5.00E-04,1,default,,,2.58E+15,1348.159235,yes,no
ON-3485,29/07/2024 11:10,shriram,"[""FEVER""]","[""Not_inc_eff""]",2,1000,3000,BT,0.702947846,,,,,0.760783399,,5.00E-04,1,default,,,1.03E+16,4928.525768,no,no
ON-3484,29/07/2024 11:10,shriram,"[""FEVER""]","[""BP_default_eff""]",2,1000,3500,b1,0.696145125,,,,,,0.763114945,5.00E-04,0,default,,,2.23E+15,1096.547589,yes,no
ON-3483,29/07/2024 11:10,shriram,"[""FEVER""]","[""Not_inc_eff""]",0,1000,1000,b1,0.686318972,0.713686174,,,,,,5.00E-04,1,default,,,1.45E+15,742.5463166,no,no
ON-3482,29/07/2024 11:10,shriram,"[""FEVER""]","[""BP_default_eff""]",0,1000,3000,b1,0.690098262,,,,,0.745628352,,5.00E-04,1,default,,,4.64E+15,2405.186821,yes,no
ON-3481,29/07/2024 11:10,shriram,"[""FEVER""]","[""BP_default_eff""]",2,1000,2000,BT,0.693121693,,,0.740732105,,,,5.00E-04,1,default,,,6.40E+15,3281.928663,yes,no
ON-3480,29/07/2024 11:10,shriram,"[""FEVER""]","[""BP_default_eff""]",2,1000,2000,b1,0.684807256,,,0.731872231,,,,5.00E-04,1,default,,,2.04E+15,993.8066885,yes,no
ON-3479,29/07/2024 11:10,shriram,"[""FEVER""]","[""BP_default_eff""]",1,1000,1500,BT,0.692365835,,0.736535323,,,,,5.00E-04,0,default,,,1.52E+15,799.5241785,yes,no
ON-3478,29/07/2024 11:10,shriram,"[""FEVER""]","[""BP_default_eff""]",0,1000,1500,BT,0.655328798,,0.71858242,,,,,5.00E-04,1,default,,,3.01E+15,1602.319949,yes,no
ON-3477,29/07/2024 11:10,shriram,"[""FEVER""]","[""BP_default_eff""]",2,1000,2500,BT,0.674981104,,,,0.751923525,,,5.00E-04,0,default,,,1.41E+15,748.4038293,yes,no
ON-3476,29/07/2024 11:09,shriram,"[""FEVER""]","[""BP_default_eff""]",2,1000,1500,BT,0.702947846,,0.733504313,,,,,5.00E-04,0,default,,,1.48E+15,742.5963023,yes,no
ON-3475,29/07/2024 11:09,shriram,"[""FEVER""]","[""BP_default_eff""]",1,1000,3500,b1,0.678760393,,,,,,0.757052926,5.00E-04,1,default,,,5.18E+15,2732.669443,yes,no
ON-3474,29/07/2024 11:09,shriram,"[""FEVER""]","[""Not_inc_eff""]",2,1000,3500,b1,0.678760393,,,,,,0.759850781,5.00E-04,1,default,,,1.12E+16,5662.057601,no,no
ON-3473,29/07/2024 11:09,shriram,"[""FEVER""]","[""Not_inc_eff""]",2,1000,1000,b1,0.656840514,0.705525764,,,,,,5.00E-04,1,default,,,1.18E+15,603.0632687,no,no
ON-3472,29/07/2024 11:09,shriram,"[""FEVER""]","[""BP_default_eff""]",0,1000,2000,b1,0.671957672,,,0.728608067,,,,5.00E-04,0,default,,,1.96E+15,1053.209622,yes,no
ON-3471,29/07/2024 11:09,shriram,"[""FEVER""]","[""BP_default_eff""]",2,1000,2500,b1,0.681027967,,,,0.733271159,,,5.00E-04,0,default,,,1.90E+15,971.7136567,yes,no
ON-3470,29/07/2024 11:09,shriram,"[""FEVER""]","[""BP_default_eff""]",2,1000,3000,BT,0.711262283,,,,,0.750291443,,5.00E-04,0,default,,,2.39E+15,1217.555034,yes,no
ON-3469,29/07/2024 11:09,shriram,"[""FEVER""]","[""BP_default_eff""]",1,1000,2500,BT,0.696900983,,,,0.762648636,,,5.00E-04,1,default,,,5.25E+15,2704.553001,yes,no
ON-3468,29/07/2024 11:09,shriram,"[""FEVER""]","[""BP_default_eff""]",1,1000,2000,BT,0.68329554,,,0.747726743,,,,5.00E-04,0,default,,,2.06E+15,1140.748186,yes,no
ON-3467,29/07/2024 11:09,shriram,"[""FEVER""]","[""Not_inc_eff""]",1,1000,2000,BT,0.696900983,,,0.754954535,,,,5.00E-04,1,default,,,6.72E+15,3372.303365,no,no
ON-3466,29/07/2024 11:09,shriram,"[""FEVER""]","[""BP_default_eff""]",0,1000,3000,BT,0.690854119,,,,,0.769643273,,5.00E-04,0,default,,,2.02E+15,1029.487807,yes,no
